-- phpMyAdmin SQL Dump
-- version 4.8.0.1
-- https://www.phpmyadmin.net/
--
-- Host: 127.0.0.1
-- Waktu pembuatan: 23 Jan 2020 pada 08.32
-- Versi server: 10.1.32-MariaDB
-- Versi PHP: 7.2.5

SET SQL_MODE = "NO_AUTO_VALUE_ON_ZERO";
SET AUTOCOMMIT = 0;
START TRANSACTION;
SET time_zone = "+00:00";


/*!40101 SET @OLD_CHARACTER_SET_CLIENT=@@CHARACTER_SET_CLIENT */;
/*!40101 SET @OLD_CHARACTER_SET_RESULTS=@@CHARACTER_SET_RESULTS */;
/*!40101 SET @OLD_COLLATION_CONNECTION=@@COLLATION_CONNECTION */;
/*!40101 SET NAMES utf8mb4 */;

--
-- Database: `db_rmib`
--

-- --------------------------------------------------------

--
-- Struktur dari tabel `admin`
--

CREATE TABLE `admin` (
  `id` varchar(36) NOT NULL,
  `nama` varchar(255) NOT NULL,
  `email` text,
  `username` varchar(255) NOT NULL,
  `password` varchar(255) NOT NULL,
  `created_at` date NOT NULL,
  `updated_at` date NOT NULL
) ENGINE=MyISAM DEFAULT CHARSET=latin1;

--
-- Dumping data untuk tabel `admin`
--

INSERT INTO `admin` (`id`, `nama`, `email`, `username`, `password`, `created_at`, `updated_at`) VALUES
('adsfhgjhkdfsdf', 'Trian', 'triannurizkillah@gmail.com', 'Trian', 'asdf1998Buka', '2020-01-22', '2020-01-23');

-- --------------------------------------------------------

--
-- Struktur dari tabel `detail_analisa`
--

CREATE TABLE `detail_analisa` (
  `id` int(11) NOT NULL,
  `id_user` varchar(36) NOT NULL,
  `id_hasil` varchar(36) NOT NULL,
  `id_sub` varchar(36) NOT NULL,
  `no_urut` int(12) NOT NULL,
  `tabel` enum('A','B','C','D','E','F','G','H','I') NOT NULL,
  `value` int(2) NOT NULL,
  `created_at` date NOT NULL,
  `updated_at` date NOT NULL
) ENGINE=MyISAM DEFAULT CHARSET=latin1;

--
-- Dumping data untuk tabel `detail_analisa`
--

INSERT INTO `detail_analisa` (`id`, `id_user`, `id_hasil`, `id_sub`, `no_urut`, `tabel`, `value`, `created_at`, `updated_at`) VALUES
(470, '5f61843a-3b8a-11ea-9b3d-e03f4931b17e', 'ANALISA_002', '27', 12, 'A', 1, '2020-01-23', '2020-01-23'),
(469, '5f61843a-3b8a-11ea-9b3d-e03f4931b17e', 'ANALISA_002', '26', 11, 'A', 2, '2020-01-23', '2020-01-23'),
(468, '5f61843a-3b8a-11ea-9b3d-e03f4931b17e', 'ANALISA_002', '25', 10, 'A', 3, '2020-01-23', '2020-01-23'),
(467, '5f61843a-3b8a-11ea-9b3d-e03f4931b17e', 'ANALISA_002', '24', 9, 'A', 4, '2020-01-23', '2020-01-23'),
(466, '5f61843a-3b8a-11ea-9b3d-e03f4931b17e', 'ANALISA_002', '23', 8, 'A', 5, '2020-01-23', '2020-01-23'),
(465, '5f61843a-3b8a-11ea-9b3d-e03f4931b17e', 'ANALISA_002', '22', 7, 'A', 6, '2020-01-23', '2020-01-23'),
(464, '5f61843a-3b8a-11ea-9b3d-e03f4931b17e', 'ANALISA_002', '21', 6, 'A', 7, '2020-01-23', '2020-01-23'),
(463, '5f61843a-3b8a-11ea-9b3d-e03f4931b17e', 'ANALISA_002', '20', 5, 'A', 8, '2020-01-23', '2020-01-23'),
(462, '5f61843a-3b8a-11ea-9b3d-e03f4931b17e', 'ANALISA_002', '19', 4, 'A', 9, '2020-01-23', '2020-01-23'),
(461, '5f61843a-3b8a-11ea-9b3d-e03f4931b17e', 'ANALISA_002', '18', 3, 'A', 10, '2020-01-23', '2020-01-23'),
(460, '5f61843a-3b8a-11ea-9b3d-e03f4931b17e', 'ANALISA_002', '17', 2, 'A', 11, '2020-01-23', '2020-01-23'),
(459, '5f61843a-3b8a-11ea-9b3d-e03f4931b17e', 'ANALISA_002', '16', 1, 'A', 12, '2020-01-23', '2020-01-23'),
(458, '5f61843a-3b8a-11ea-9b3d-e03f4931b17e', 'ANALISA_001', '123', 12, 'I', 12, '2020-01-23', '2020-01-23'),
(457, '5f61843a-3b8a-11ea-9b3d-e03f4931b17e', 'ANALISA_001', '122', 11, 'I', 11, '2020-01-23', '2020-01-23'),
(456, '5f61843a-3b8a-11ea-9b3d-e03f4931b17e', 'ANALISA_001', '121', 10, 'I', 10, '2020-01-23', '2020-01-23'),
(455, '5f61843a-3b8a-11ea-9b3d-e03f4931b17e', 'ANALISA_001', '120', 9, 'I', 9, '2020-01-23', '2020-01-23'),
(454, '5f61843a-3b8a-11ea-9b3d-e03f4931b17e', 'ANALISA_001', '119', 8, 'I', 8, '2020-01-23', '2020-01-23'),
(453, '5f61843a-3b8a-11ea-9b3d-e03f4931b17e', 'ANALISA_001', '118', 7, 'I', 7, '2020-01-23', '2020-01-23'),
(452, '5f61843a-3b8a-11ea-9b3d-e03f4931b17e', 'ANALISA_001', '117', 6, 'I', 6, '2020-01-23', '2020-01-23'),
(451, '5f61843a-3b8a-11ea-9b3d-e03f4931b17e', 'ANALISA_001', '116', 5, 'I', 5, '2020-01-23', '2020-01-23'),
(450, '5f61843a-3b8a-11ea-9b3d-e03f4931b17e', 'ANALISA_001', '115', 4, 'I', 4, '2020-01-23', '2020-01-23'),
(449, '5f61843a-3b8a-11ea-9b3d-e03f4931b17e', 'ANALISA_001', '114', 3, 'I', 3, '2020-01-23', '2020-01-23'),
(448, '5f61843a-3b8a-11ea-9b3d-e03f4931b17e', 'ANALISA_001', '113', 2, 'I', 2, '2020-01-23', '2020-01-23'),
(447, '5f61843a-3b8a-11ea-9b3d-e03f4931b17e', 'ANALISA_001', '112', 1, 'I', 1, '2020-01-23', '2020-01-23'),
(446, '5f61843a-3b8a-11ea-9b3d-e03f4931b17e', 'ANALISA_001', '111', 12, 'H', 12, '2020-01-23', '2020-01-23'),
(445, '5f61843a-3b8a-11ea-9b3d-e03f4931b17e', 'ANALISA_001', '110', 11, 'H', 11, '2020-01-23', '2020-01-23'),
(444, '5f61843a-3b8a-11ea-9b3d-e03f4931b17e', 'ANALISA_001', '109', 10, 'H', 10, '2020-01-23', '2020-01-23'),
(443, '5f61843a-3b8a-11ea-9b3d-e03f4931b17e', 'ANALISA_001', '108', 9, 'H', 9, '2020-01-23', '2020-01-23'),
(442, '5f61843a-3b8a-11ea-9b3d-e03f4931b17e', 'ANALISA_001', '107', 8, 'H', 8, '2020-01-23', '2020-01-23'),
(441, '5f61843a-3b8a-11ea-9b3d-e03f4931b17e', 'ANALISA_001', '106', 7, 'H', 7, '2020-01-23', '2020-01-23'),
(440, '5f61843a-3b8a-11ea-9b3d-e03f4931b17e', 'ANALISA_001', '105', 6, 'H', 6, '2020-01-23', '2020-01-23'),
(439, '5f61843a-3b8a-11ea-9b3d-e03f4931b17e', 'ANALISA_001', '104', 5, 'H', 5, '2020-01-23', '2020-01-23'),
(438, '5f61843a-3b8a-11ea-9b3d-e03f4931b17e', 'ANALISA_001', '103', 4, 'H', 4, '2020-01-23', '2020-01-23'),
(437, '5f61843a-3b8a-11ea-9b3d-e03f4931b17e', 'ANALISA_001', '102', 3, 'H', 3, '2020-01-23', '2020-01-23'),
(436, '5f61843a-3b8a-11ea-9b3d-e03f4931b17e', 'ANALISA_001', '101', 2, 'H', 2, '2020-01-23', '2020-01-23'),
(435, '5f61843a-3b8a-11ea-9b3d-e03f4931b17e', 'ANALISA_001', '100', 1, 'H', 1, '2020-01-23', '2020-01-23'),
(434, '5f61843a-3b8a-11ea-9b3d-e03f4931b17e', 'ANALISA_001', '99', 12, 'G', 12, '2020-01-23', '2020-01-23'),
(433, '5f61843a-3b8a-11ea-9b3d-e03f4931b17e', 'ANALISA_001', '98', 11, 'G', 11, '2020-01-23', '2020-01-23'),
(432, '5f61843a-3b8a-11ea-9b3d-e03f4931b17e', 'ANALISA_001', '97', 10, 'G', 10, '2020-01-23', '2020-01-23'),
(431, '5f61843a-3b8a-11ea-9b3d-e03f4931b17e', 'ANALISA_001', '96', 9, 'G', 9, '2020-01-23', '2020-01-23'),
(430, '5f61843a-3b8a-11ea-9b3d-e03f4931b17e', 'ANALISA_001', '95', 8, 'G', 8, '2020-01-23', '2020-01-23'),
(429, '5f61843a-3b8a-11ea-9b3d-e03f4931b17e', 'ANALISA_001', '94', 7, 'G', 7, '2020-01-23', '2020-01-23'),
(428, '5f61843a-3b8a-11ea-9b3d-e03f4931b17e', 'ANALISA_001', '93', 6, 'G', 6, '2020-01-23', '2020-01-23'),
(427, '5f61843a-3b8a-11ea-9b3d-e03f4931b17e', 'ANALISA_001', '92', 5, 'G', 5, '2020-01-23', '2020-01-23'),
(426, '5f61843a-3b8a-11ea-9b3d-e03f4931b17e', 'ANALISA_001', '91', 4, 'G', 4, '2020-01-23', '2020-01-23'),
(425, '5f61843a-3b8a-11ea-9b3d-e03f4931b17e', 'ANALISA_001', '90', 3, 'G', 3, '2020-01-23', '2020-01-23'),
(424, '5f61843a-3b8a-11ea-9b3d-e03f4931b17e', 'ANALISA_001', '89', 2, 'G', 2, '2020-01-23', '2020-01-23'),
(423, '5f61843a-3b8a-11ea-9b3d-e03f4931b17e', 'ANALISA_001', '88', 1, 'G', 1, '2020-01-23', '2020-01-23'),
(422, '5f61843a-3b8a-11ea-9b3d-e03f4931b17e', 'ANALISA_001', '87', 12, 'F', 12, '2020-01-23', '2020-01-23'),
(421, '5f61843a-3b8a-11ea-9b3d-e03f4931b17e', 'ANALISA_001', '86', 11, 'F', 11, '2020-01-23', '2020-01-23'),
(420, '5f61843a-3b8a-11ea-9b3d-e03f4931b17e', 'ANALISA_001', '85', 10, 'F', 10, '2020-01-23', '2020-01-23'),
(419, '5f61843a-3b8a-11ea-9b3d-e03f4931b17e', 'ANALISA_001', '84', 9, 'F', 9, '2020-01-23', '2020-01-23'),
(418, '5f61843a-3b8a-11ea-9b3d-e03f4931b17e', 'ANALISA_001', '83', 8, 'F', 8, '2020-01-23', '2020-01-23'),
(417, '5f61843a-3b8a-11ea-9b3d-e03f4931b17e', 'ANALISA_001', '82', 7, 'F', 7, '2020-01-23', '2020-01-23'),
(416, '5f61843a-3b8a-11ea-9b3d-e03f4931b17e', 'ANALISA_001', '81', 6, 'F', 6, '2020-01-23', '2020-01-23'),
(415, '5f61843a-3b8a-11ea-9b3d-e03f4931b17e', 'ANALISA_001', '80', 5, 'F', 5, '2020-01-23', '2020-01-23'),
(414, '5f61843a-3b8a-11ea-9b3d-e03f4931b17e', 'ANALISA_001', '79', 4, 'F', 4, '2020-01-23', '2020-01-23'),
(413, '5f61843a-3b8a-11ea-9b3d-e03f4931b17e', 'ANALISA_001', '78', 3, 'F', 3, '2020-01-23', '2020-01-23'),
(411, '5f61843a-3b8a-11ea-9b3d-e03f4931b17e', 'ANALISA_001', '76', 1, 'F', 1, '2020-01-23', '2020-01-23'),
(412, '5f61843a-3b8a-11ea-9b3d-e03f4931b17e', 'ANALISA_001', '77', 2, 'F', 2, '2020-01-23', '2020-01-23'),
(410, '5f61843a-3b8a-11ea-9b3d-e03f4931b17e', 'ANALISA_001', '75', 12, 'E', 12, '2020-01-23', '2020-01-23'),
(409, '5f61843a-3b8a-11ea-9b3d-e03f4931b17e', 'ANALISA_001', '74', 11, 'E', 11, '2020-01-23', '2020-01-23'),
(408, '5f61843a-3b8a-11ea-9b3d-e03f4931b17e', 'ANALISA_001', '73', 10, 'E', 10, '2020-01-23', '2020-01-23'),
(407, '5f61843a-3b8a-11ea-9b3d-e03f4931b17e', 'ANALISA_001', '72', 9, 'E', 9, '2020-01-23', '2020-01-23'),
(406, '5f61843a-3b8a-11ea-9b3d-e03f4931b17e', 'ANALISA_001', '71', 8, 'E', 8, '2020-01-23', '2020-01-23'),
(405, '5f61843a-3b8a-11ea-9b3d-e03f4931b17e', 'ANALISA_001', '70', 7, 'E', 7, '2020-01-23', '2020-01-23'),
(404, '5f61843a-3b8a-11ea-9b3d-e03f4931b17e', 'ANALISA_001', '69', 6, 'E', 6, '2020-01-23', '2020-01-23'),
(403, '5f61843a-3b8a-11ea-9b3d-e03f4931b17e', 'ANALISA_001', '68', 5, 'E', 5, '2020-01-23', '2020-01-23'),
(402, '5f61843a-3b8a-11ea-9b3d-e03f4931b17e', 'ANALISA_001', '67', 4, 'E', 4, '2020-01-23', '2020-01-23'),
(401, '5f61843a-3b8a-11ea-9b3d-e03f4931b17e', 'ANALISA_001', '66', 3, 'E', 3, '2020-01-23', '2020-01-23'),
(400, '5f61843a-3b8a-11ea-9b3d-e03f4931b17e', 'ANALISA_001', '65', 2, 'E', 2, '2020-01-23', '2020-01-23'),
(399, '5f61843a-3b8a-11ea-9b3d-e03f4931b17e', 'ANALISA_001', '64', 1, 'E', 1, '2020-01-23', '2020-01-23'),
(398, '5f61843a-3b8a-11ea-9b3d-e03f4931b17e', 'ANALISA_001', '63', 12, 'D', 12, '2020-01-23', '2020-01-23'),
(397, '5f61843a-3b8a-11ea-9b3d-e03f4931b17e', 'ANALISA_001', '62', 11, 'D', 11, '2020-01-23', '2020-01-23'),
(396, '5f61843a-3b8a-11ea-9b3d-e03f4931b17e', 'ANALISA_001', '61', 10, 'D', 10, '2020-01-23', '2020-01-23'),
(395, '5f61843a-3b8a-11ea-9b3d-e03f4931b17e', 'ANALISA_001', '60', 9, 'D', 9, '2020-01-23', '2020-01-23'),
(394, '5f61843a-3b8a-11ea-9b3d-e03f4931b17e', 'ANALISA_001', '59', 8, 'D', 8, '2020-01-23', '2020-01-23'),
(393, '5f61843a-3b8a-11ea-9b3d-e03f4931b17e', 'ANALISA_001', '58', 7, 'D', 7, '2020-01-23', '2020-01-23'),
(392, '5f61843a-3b8a-11ea-9b3d-e03f4931b17e', 'ANALISA_001', '57', 6, 'D', 6, '2020-01-23', '2020-01-23'),
(391, '5f61843a-3b8a-11ea-9b3d-e03f4931b17e', 'ANALISA_001', '56', 5, 'D', 5, '2020-01-23', '2020-01-23'),
(390, '5f61843a-3b8a-11ea-9b3d-e03f4931b17e', 'ANALISA_001', '55', 4, 'D', 4, '2020-01-23', '2020-01-23'),
(389, '5f61843a-3b8a-11ea-9b3d-e03f4931b17e', 'ANALISA_001', '54', 3, 'D', 3, '2020-01-23', '2020-01-23'),
(388, '5f61843a-3b8a-11ea-9b3d-e03f4931b17e', 'ANALISA_001', '53', 2, 'D', 2, '2020-01-23', '2020-01-23'),
(387, '5f61843a-3b8a-11ea-9b3d-e03f4931b17e', 'ANALISA_001', '52', 1, 'D', 1, '2020-01-23', '2020-01-23'),
(386, '5f61843a-3b8a-11ea-9b3d-e03f4931b17e', 'ANALISA_001', '51', 12, 'C', 12, '2020-01-23', '2020-01-23'),
(385, '5f61843a-3b8a-11ea-9b3d-e03f4931b17e', 'ANALISA_001', '50', 11, 'C', 11, '2020-01-23', '2020-01-23'),
(384, '5f61843a-3b8a-11ea-9b3d-e03f4931b17e', 'ANALISA_001', '49', 10, 'C', 10, '2020-01-23', '2020-01-23'),
(383, '5f61843a-3b8a-11ea-9b3d-e03f4931b17e', 'ANALISA_001', '48', 9, 'C', 9, '2020-01-23', '2020-01-23'),
(382, '5f61843a-3b8a-11ea-9b3d-e03f4931b17e', 'ANALISA_001', '47', 8, 'C', 8, '2020-01-23', '2020-01-23'),
(381, '5f61843a-3b8a-11ea-9b3d-e03f4931b17e', 'ANALISA_001', '46', 7, 'C', 7, '2020-01-23', '2020-01-23'),
(380, '5f61843a-3b8a-11ea-9b3d-e03f4931b17e', 'ANALISA_001', '45', 6, 'C', 6, '2020-01-23', '2020-01-23'),
(379, '5f61843a-3b8a-11ea-9b3d-e03f4931b17e', 'ANALISA_001', '44', 5, 'C', 5, '2020-01-23', '2020-01-23'),
(378, '5f61843a-3b8a-11ea-9b3d-e03f4931b17e', 'ANALISA_001', '43', 4, 'C', 4, '2020-01-23', '2020-01-23'),
(377, '5f61843a-3b8a-11ea-9b3d-e03f4931b17e', 'ANALISA_001', '42', 3, 'C', 3, '2020-01-23', '2020-01-23'),
(376, '5f61843a-3b8a-11ea-9b3d-e03f4931b17e', 'ANALISA_001', '41', 2, 'C', 2, '2020-01-23', '2020-01-23'),
(375, '5f61843a-3b8a-11ea-9b3d-e03f4931b17e', 'ANALISA_001', '40', 1, 'C', 1, '2020-01-23', '2020-01-23'),
(374, '5f61843a-3b8a-11ea-9b3d-e03f4931b17e', 'ANALISA_001', '39', 12, 'B', 12, '2020-01-23', '2020-01-23'),
(373, '5f61843a-3b8a-11ea-9b3d-e03f4931b17e', 'ANALISA_001', '38', 11, 'B', 11, '2020-01-23', '2020-01-23'),
(372, '5f61843a-3b8a-11ea-9b3d-e03f4931b17e', 'ANALISA_001', '37', 10, 'B', 10, '2020-01-23', '2020-01-23'),
(371, '5f61843a-3b8a-11ea-9b3d-e03f4931b17e', 'ANALISA_001', '36', 9, 'B', 9, '2020-01-23', '2020-01-23'),
(370, '5f61843a-3b8a-11ea-9b3d-e03f4931b17e', 'ANALISA_001', '35', 8, 'B', 8, '2020-01-23', '2020-01-23'),
(369, '5f61843a-3b8a-11ea-9b3d-e03f4931b17e', 'ANALISA_001', '34', 7, 'B', 7, '2020-01-23', '2020-01-23'),
(368, '5f61843a-3b8a-11ea-9b3d-e03f4931b17e', 'ANALISA_001', '33', 6, 'B', 6, '2020-01-23', '2020-01-23'),
(367, '5f61843a-3b8a-11ea-9b3d-e03f4931b17e', 'ANALISA_001', '32', 5, 'B', 5, '2020-01-23', '2020-01-23'),
(366, '5f61843a-3b8a-11ea-9b3d-e03f4931b17e', 'ANALISA_001', '31', 4, 'B', 4, '2020-01-23', '2020-01-23'),
(365, '5f61843a-3b8a-11ea-9b3d-e03f4931b17e', 'ANALISA_001', '30', 3, 'B', 3, '2020-01-23', '2020-01-23'),
(364, '5f61843a-3b8a-11ea-9b3d-e03f4931b17e', 'ANALISA_001', '29', 2, 'B', 2, '2020-01-23', '2020-01-23'),
(363, '5f61843a-3b8a-11ea-9b3d-e03f4931b17e', 'ANALISA_001', '28', 1, 'B', 1, '2020-01-23', '2020-01-23'),
(362, '5f61843a-3b8a-11ea-9b3d-e03f4931b17e', 'ANALISA_001', '27', 12, 'A', 12, '2020-01-23', '2020-01-23'),
(361, '5f61843a-3b8a-11ea-9b3d-e03f4931b17e', 'ANALISA_001', '26', 11, 'A', 11, '2020-01-23', '2020-01-23'),
(360, '5f61843a-3b8a-11ea-9b3d-e03f4931b17e', 'ANALISA_001', '25', 10, 'A', 10, '2020-01-23', '2020-01-23'),
(359, '5f61843a-3b8a-11ea-9b3d-e03f4931b17e', 'ANALISA_001', '24', 9, 'A', 9, '2020-01-23', '2020-01-23'),
(358, '5f61843a-3b8a-11ea-9b3d-e03f4931b17e', 'ANALISA_001', '23', 8, 'A', 8, '2020-01-23', '2020-01-23'),
(357, '5f61843a-3b8a-11ea-9b3d-e03f4931b17e', 'ANALISA_001', '22', 7, 'A', 7, '2020-01-23', '2020-01-23'),
(356, '5f61843a-3b8a-11ea-9b3d-e03f4931b17e', 'ANALISA_001', '21', 6, 'A', 6, '2020-01-23', '2020-01-23'),
(355, '5f61843a-3b8a-11ea-9b3d-e03f4931b17e', 'ANALISA_001', '20', 5, 'A', 5, '2020-01-23', '2020-01-23'),
(354, '5f61843a-3b8a-11ea-9b3d-e03f4931b17e', 'ANALISA_001', '19', 4, 'A', 4, '2020-01-23', '2020-01-23'),
(353, '5f61843a-3b8a-11ea-9b3d-e03f4931b17e', 'ANALISA_001', '18', 3, 'A', 3, '2020-01-23', '2020-01-23'),
(352, '5f61843a-3b8a-11ea-9b3d-e03f4931b17e', 'ANALISA_001', '17', 2, 'A', 2, '2020-01-23', '2020-01-23'),
(351, '5f61843a-3b8a-11ea-9b3d-e03f4931b17e', 'ANALISA_001', '16', 1, 'A', 1, '2020-01-23', '2020-01-23'),
(471, '5f61843a-3b8a-11ea-9b3d-e03f4931b17e', 'ANALISA_002', '28', 1, 'B', 1, '2020-01-23', '2020-01-23'),
(472, '5f61843a-3b8a-11ea-9b3d-e03f4931b17e', 'ANALISA_002', '29', 2, 'B', 2, '2020-01-23', '2020-01-23'),
(473, '5f61843a-3b8a-11ea-9b3d-e03f4931b17e', 'ANALISA_002', '30', 3, 'B', 3, '2020-01-23', '2020-01-23'),
(474, '5f61843a-3b8a-11ea-9b3d-e03f4931b17e', 'ANALISA_002', '31', 4, 'B', 4, '2020-01-23', '2020-01-23'),
(475, '5f61843a-3b8a-11ea-9b3d-e03f4931b17e', 'ANALISA_002', '32', 5, 'B', 5, '2020-01-23', '2020-01-23'),
(476, '5f61843a-3b8a-11ea-9b3d-e03f4931b17e', 'ANALISA_002', '33', 6, 'B', 6, '2020-01-23', '2020-01-23'),
(477, '5f61843a-3b8a-11ea-9b3d-e03f4931b17e', 'ANALISA_002', '34', 7, 'B', 7, '2020-01-23', '2020-01-23'),
(478, '5f61843a-3b8a-11ea-9b3d-e03f4931b17e', 'ANALISA_002', '35', 8, 'B', 8, '2020-01-23', '2020-01-23'),
(479, '5f61843a-3b8a-11ea-9b3d-e03f4931b17e', 'ANALISA_002', '36', 9, 'B', 9, '2020-01-23', '2020-01-23'),
(480, '5f61843a-3b8a-11ea-9b3d-e03f4931b17e', 'ANALISA_002', '37', 10, 'B', 10, '2020-01-23', '2020-01-23'),
(481, '5f61843a-3b8a-11ea-9b3d-e03f4931b17e', 'ANALISA_002', '38', 11, 'B', 11, '2020-01-23', '2020-01-23'),
(482, '5f61843a-3b8a-11ea-9b3d-e03f4931b17e', 'ANALISA_002', '39', 12, 'B', 12, '2020-01-23', '2020-01-23'),
(483, '5f61843a-3b8a-11ea-9b3d-e03f4931b17e', 'ANALISA_002', '40', 1, 'C', 12, '2020-01-23', '2020-01-23'),
(484, '5f61843a-3b8a-11ea-9b3d-e03f4931b17e', 'ANALISA_002', '41', 2, 'C', 11, '2020-01-23', '2020-01-23'),
(485, '5f61843a-3b8a-11ea-9b3d-e03f4931b17e', 'ANALISA_002', '42', 3, 'C', 10, '2020-01-23', '2020-01-23'),
(486, '5f61843a-3b8a-11ea-9b3d-e03f4931b17e', 'ANALISA_002', '43', 4, 'C', 9, '2020-01-23', '2020-01-23'),
(487, '5f61843a-3b8a-11ea-9b3d-e03f4931b17e', 'ANALISA_002', '44', 5, 'C', 8, '2020-01-23', '2020-01-23'),
(488, '5f61843a-3b8a-11ea-9b3d-e03f4931b17e', 'ANALISA_002', '45', 6, 'C', 7, '2020-01-23', '2020-01-23'),
(489, '5f61843a-3b8a-11ea-9b3d-e03f4931b17e', 'ANALISA_002', '46', 7, 'C', 6, '2020-01-23', '2020-01-23'),
(490, '5f61843a-3b8a-11ea-9b3d-e03f4931b17e', 'ANALISA_002', '47', 8, 'C', 5, '2020-01-23', '2020-01-23'),
(491, '5f61843a-3b8a-11ea-9b3d-e03f4931b17e', 'ANALISA_002', '48', 9, 'C', 4, '2020-01-23', '2020-01-23'),
(492, '5f61843a-3b8a-11ea-9b3d-e03f4931b17e', 'ANALISA_002', '49', 10, 'C', 3, '2020-01-23', '2020-01-23'),
(493, '5f61843a-3b8a-11ea-9b3d-e03f4931b17e', 'ANALISA_002', '50', 11, 'C', 2, '2020-01-23', '2020-01-23'),
(494, '5f61843a-3b8a-11ea-9b3d-e03f4931b17e', 'ANALISA_002', '51', 12, 'C', 1, '2020-01-23', '2020-01-23'),
(495, '5f61843a-3b8a-11ea-9b3d-e03f4931b17e', 'ANALISA_002', '52', 1, 'D', 1, '2020-01-23', '2020-01-23'),
(496, '5f61843a-3b8a-11ea-9b3d-e03f4931b17e', 'ANALISA_002', '53', 2, 'D', 2, '2020-01-23', '2020-01-23'),
(497, '5f61843a-3b8a-11ea-9b3d-e03f4931b17e', 'ANALISA_002', '54', 3, 'D', 3, '2020-01-23', '2020-01-23'),
(498, '5f61843a-3b8a-11ea-9b3d-e03f4931b17e', 'ANALISA_002', '55', 4, 'D', 4, '2020-01-23', '2020-01-23'),
(499, '5f61843a-3b8a-11ea-9b3d-e03f4931b17e', 'ANALISA_002', '56', 5, 'D', 5, '2020-01-23', '2020-01-23'),
(500, '5f61843a-3b8a-11ea-9b3d-e03f4931b17e', 'ANALISA_002', '57', 6, 'D', 6, '2020-01-23', '2020-01-23'),
(501, '5f61843a-3b8a-11ea-9b3d-e03f4931b17e', 'ANALISA_002', '58', 7, 'D', 7, '2020-01-23', '2020-01-23'),
(502, '5f61843a-3b8a-11ea-9b3d-e03f4931b17e', 'ANALISA_002', '59', 8, 'D', 8, '2020-01-23', '2020-01-23'),
(503, '5f61843a-3b8a-11ea-9b3d-e03f4931b17e', 'ANALISA_002', '60', 9, 'D', 9, '2020-01-23', '2020-01-23'),
(504, '5f61843a-3b8a-11ea-9b3d-e03f4931b17e', 'ANALISA_002', '61', 10, 'D', 10, '2020-01-23', '2020-01-23'),
(505, '5f61843a-3b8a-11ea-9b3d-e03f4931b17e', 'ANALISA_002', '62', 11, 'D', 11, '2020-01-23', '2020-01-23'),
(506, '5f61843a-3b8a-11ea-9b3d-e03f4931b17e', 'ANALISA_002', '63', 12, 'D', 12, '2020-01-23', '2020-01-23'),
(507, '5f61843a-3b8a-11ea-9b3d-e03f4931b17e', 'ANALISA_002', '64', 1, 'E', 12, '2020-01-23', '2020-01-23'),
(508, '5f61843a-3b8a-11ea-9b3d-e03f4931b17e', 'ANALISA_002', '65', 2, 'E', 11, '2020-01-23', '2020-01-23'),
(509, '5f61843a-3b8a-11ea-9b3d-e03f4931b17e', 'ANALISA_002', '66', 3, 'E', 10, '2020-01-23', '2020-01-23'),
(510, '5f61843a-3b8a-11ea-9b3d-e03f4931b17e', 'ANALISA_002', '67', 4, 'E', 9, '2020-01-23', '2020-01-23'),
(511, '5f61843a-3b8a-11ea-9b3d-e03f4931b17e', 'ANALISA_002', '68', 5, 'E', 8, '2020-01-23', '2020-01-23'),
(512, '5f61843a-3b8a-11ea-9b3d-e03f4931b17e', 'ANALISA_002', '69', 6, 'E', 7, '2020-01-23', '2020-01-23'),
(513, '5f61843a-3b8a-11ea-9b3d-e03f4931b17e', 'ANALISA_002', '70', 7, 'E', 6, '2020-01-23', '2020-01-23'),
(514, '5f61843a-3b8a-11ea-9b3d-e03f4931b17e', 'ANALISA_002', '71', 8, 'E', 5, '2020-01-23', '2020-01-23'),
(515, '5f61843a-3b8a-11ea-9b3d-e03f4931b17e', 'ANALISA_002', '72', 9, 'E', 4, '2020-01-23', '2020-01-23'),
(516, '5f61843a-3b8a-11ea-9b3d-e03f4931b17e', 'ANALISA_002', '73', 10, 'E', 3, '2020-01-23', '2020-01-23'),
(517, '5f61843a-3b8a-11ea-9b3d-e03f4931b17e', 'ANALISA_002', '74', 11, 'E', 2, '2020-01-23', '2020-01-23'),
(518, '5f61843a-3b8a-11ea-9b3d-e03f4931b17e', 'ANALISA_002', '75', 12, 'E', 1, '2020-01-23', '2020-01-23'),
(519, '5f61843a-3b8a-11ea-9b3d-e03f4931b17e', 'ANALISA_002', '76', 1, 'F', 1, '2020-01-23', '2020-01-23'),
(520, '5f61843a-3b8a-11ea-9b3d-e03f4931b17e', 'ANALISA_002', '77', 2, 'F', 2, '2020-01-23', '2020-01-23'),
(521, '5f61843a-3b8a-11ea-9b3d-e03f4931b17e', 'ANALISA_002', '78', 3, 'F', 3, '2020-01-23', '2020-01-23'),
(522, '5f61843a-3b8a-11ea-9b3d-e03f4931b17e', 'ANALISA_002', '79', 4, 'F', 4, '2020-01-23', '2020-01-23'),
(523, '5f61843a-3b8a-11ea-9b3d-e03f4931b17e', 'ANALISA_002', '80', 5, 'F', 5, '2020-01-23', '2020-01-23'),
(524, '5f61843a-3b8a-11ea-9b3d-e03f4931b17e', 'ANALISA_002', '81', 6, 'F', 6, '2020-01-23', '2020-01-23'),
(525, '5f61843a-3b8a-11ea-9b3d-e03f4931b17e', 'ANALISA_002', '82', 7, 'F', 7, '2020-01-23', '2020-01-23'),
(526, '5f61843a-3b8a-11ea-9b3d-e03f4931b17e', 'ANALISA_002', '83', 8, 'F', 8, '2020-01-23', '2020-01-23'),
(527, '5f61843a-3b8a-11ea-9b3d-e03f4931b17e', 'ANALISA_002', '84', 9, 'F', 9, '2020-01-23', '2020-01-23'),
(528, '5f61843a-3b8a-11ea-9b3d-e03f4931b17e', 'ANALISA_002', '85', 10, 'F', 10, '2020-01-23', '2020-01-23'),
(529, '5f61843a-3b8a-11ea-9b3d-e03f4931b17e', 'ANALISA_002', '86', 11, 'F', 11, '2020-01-23', '2020-01-23'),
(530, '5f61843a-3b8a-11ea-9b3d-e03f4931b17e', 'ANALISA_002', '87', 12, 'F', 12, '2020-01-23', '2020-01-23'),
(531, '5f61843a-3b8a-11ea-9b3d-e03f4931b17e', 'ANALISA_002', '88', 1, 'G', 12, '2020-01-23', '2020-01-23'),
(532, '5f61843a-3b8a-11ea-9b3d-e03f4931b17e', 'ANALISA_002', '89', 2, 'G', 11, '2020-01-23', '2020-01-23'),
(533, '5f61843a-3b8a-11ea-9b3d-e03f4931b17e', 'ANALISA_002', '90', 3, 'G', 10, '2020-01-23', '2020-01-23'),
(534, '5f61843a-3b8a-11ea-9b3d-e03f4931b17e', 'ANALISA_002', '91', 4, 'G', 9, '2020-01-23', '2020-01-23'),
(535, '5f61843a-3b8a-11ea-9b3d-e03f4931b17e', 'ANALISA_002', '92', 5, 'G', 8, '2020-01-23', '2020-01-23'),
(536, '5f61843a-3b8a-11ea-9b3d-e03f4931b17e', 'ANALISA_002', '93', 6, 'G', 7, '2020-01-23', '2020-01-23'),
(537, '5f61843a-3b8a-11ea-9b3d-e03f4931b17e', 'ANALISA_002', '94', 7, 'G', 6, '2020-01-23', '2020-01-23'),
(538, '5f61843a-3b8a-11ea-9b3d-e03f4931b17e', 'ANALISA_002', '95', 8, 'G', 5, '2020-01-23', '2020-01-23'),
(539, '5f61843a-3b8a-11ea-9b3d-e03f4931b17e', 'ANALISA_002', '96', 9, 'G', 4, '2020-01-23', '2020-01-23'),
(540, '5f61843a-3b8a-11ea-9b3d-e03f4931b17e', 'ANALISA_002', '97', 10, 'G', 3, '2020-01-23', '2020-01-23'),
(541, '5f61843a-3b8a-11ea-9b3d-e03f4931b17e', 'ANALISA_002', '98', 11, 'G', 2, '2020-01-23', '2020-01-23'),
(542, '5f61843a-3b8a-11ea-9b3d-e03f4931b17e', 'ANALISA_002', '99', 12, 'G', 1, '2020-01-23', '2020-01-23'),
(543, '5f61843a-3b8a-11ea-9b3d-e03f4931b17e', 'ANALISA_002', '100', 1, 'H', 12, '2020-01-23', '2020-01-23'),
(544, '5f61843a-3b8a-11ea-9b3d-e03f4931b17e', 'ANALISA_002', '101', 2, 'H', 11, '2020-01-23', '2020-01-23'),
(545, '5f61843a-3b8a-11ea-9b3d-e03f4931b17e', 'ANALISA_002', '102', 3, 'H', 10, '2020-01-23', '2020-01-23'),
(546, '5f61843a-3b8a-11ea-9b3d-e03f4931b17e', 'ANALISA_002', '103', 4, 'H', 9, '2020-01-23', '2020-01-23'),
(547, '5f61843a-3b8a-11ea-9b3d-e03f4931b17e', 'ANALISA_002', '104', 5, 'H', 8, '2020-01-23', '2020-01-23'),
(548, '5f61843a-3b8a-11ea-9b3d-e03f4931b17e', 'ANALISA_002', '105', 6, 'H', 7, '2020-01-23', '2020-01-23'),
(549, '5f61843a-3b8a-11ea-9b3d-e03f4931b17e', 'ANALISA_002', '106', 7, 'H', 6, '2020-01-23', '2020-01-23'),
(550, '5f61843a-3b8a-11ea-9b3d-e03f4931b17e', 'ANALISA_002', '107', 8, 'H', 5, '2020-01-23', '2020-01-23'),
(551, '5f61843a-3b8a-11ea-9b3d-e03f4931b17e', 'ANALISA_002', '108', 9, 'H', 4, '2020-01-23', '2020-01-23'),
(552, '5f61843a-3b8a-11ea-9b3d-e03f4931b17e', 'ANALISA_002', '109', 10, 'H', 3, '2020-01-23', '2020-01-23'),
(553, '5f61843a-3b8a-11ea-9b3d-e03f4931b17e', 'ANALISA_002', '110', 11, 'H', 2, '2020-01-23', '2020-01-23'),
(554, '5f61843a-3b8a-11ea-9b3d-e03f4931b17e', 'ANALISA_002', '111', 12, 'H', 1, '2020-01-23', '2020-01-23'),
(555, '5f61843a-3b8a-11ea-9b3d-e03f4931b17e', 'ANALISA_002', '112', 1, 'I', 1, '2020-01-23', '2020-01-23'),
(556, '5f61843a-3b8a-11ea-9b3d-e03f4931b17e', 'ANALISA_002', '113', 2, 'I', 2, '2020-01-23', '2020-01-23'),
(557, '5f61843a-3b8a-11ea-9b3d-e03f4931b17e', 'ANALISA_002', '114', 3, 'I', 3, '2020-01-23', '2020-01-23'),
(558, '5f61843a-3b8a-11ea-9b3d-e03f4931b17e', 'ANALISA_002', '115', 4, 'I', 4, '2020-01-23', '2020-01-23'),
(559, '5f61843a-3b8a-11ea-9b3d-e03f4931b17e', 'ANALISA_002', '116', 5, 'I', 5, '2020-01-23', '2020-01-23'),
(560, '5f61843a-3b8a-11ea-9b3d-e03f4931b17e', 'ANALISA_002', '117', 6, 'I', 6, '2020-01-23', '2020-01-23'),
(561, '5f61843a-3b8a-11ea-9b3d-e03f4931b17e', 'ANALISA_002', '118', 7, 'I', 7, '2020-01-23', '2020-01-23'),
(562, '5f61843a-3b8a-11ea-9b3d-e03f4931b17e', 'ANALISA_002', '119', 8, 'I', 8, '2020-01-23', '2020-01-23'),
(563, '5f61843a-3b8a-11ea-9b3d-e03f4931b17e', 'ANALISA_002', '120', 9, 'I', 9, '2020-01-23', '2020-01-23'),
(564, '5f61843a-3b8a-11ea-9b3d-e03f4931b17e', 'ANALISA_002', '121', 10, 'I', 10, '2020-01-23', '2020-01-23'),
(565, '5f61843a-3b8a-11ea-9b3d-e03f4931b17e', 'ANALISA_002', '122', 11, 'I', 11, '2020-01-23', '2020-01-23'),
(566, '5f61843a-3b8a-11ea-9b3d-e03f4931b17e', 'ANALISA_002', '123', 12, 'I', 12, '2020-01-23', '2020-01-23'),
(567, '5f61843a-3b8a-11ea-9b3d-e03f4931b17e', 'ANALISA_003', '124', 1, 'A', 1, '2020-01-23', '2020-01-23'),
(568, '5f61843a-3b8a-11ea-9b3d-e03f4931b17e', 'ANALISA_003', '125', 2, 'A', 2, '2020-01-23', '2020-01-23'),
(569, '5f61843a-3b8a-11ea-9b3d-e03f4931b17e', 'ANALISA_003', '126', 3, 'A', 3, '2020-01-23', '2020-01-23'),
(570, '5f61843a-3b8a-11ea-9b3d-e03f4931b17e', 'ANALISA_003', '127', 4, 'A', 4, '2020-01-23', '2020-01-23'),
(571, '5f61843a-3b8a-11ea-9b3d-e03f4931b17e', 'ANALISA_003', '128', 5, 'A', 5, '2020-01-23', '2020-01-23'),
(572, '5f61843a-3b8a-11ea-9b3d-e03f4931b17e', 'ANALISA_003', '129', 6, 'A', 6, '2020-01-23', '2020-01-23'),
(573, '5f61843a-3b8a-11ea-9b3d-e03f4931b17e', 'ANALISA_003', '130', 7, 'A', 12, '2020-01-23', '2020-01-23'),
(574, '5f61843a-3b8a-11ea-9b3d-e03f4931b17e', 'ANALISA_003', '131', 8, 'A', 11, '2020-01-23', '2020-01-23'),
(575, '5f61843a-3b8a-11ea-9b3d-e03f4931b17e', 'ANALISA_003', '132', 9, 'A', 10, '2020-01-23', '2020-01-23'),
(576, '5f61843a-3b8a-11ea-9b3d-e03f4931b17e', 'ANALISA_003', '133', 10, 'A', 9, '2020-01-23', '2020-01-23'),
(577, '5f61843a-3b8a-11ea-9b3d-e03f4931b17e', 'ANALISA_003', '134', 11, 'A', 8, '2020-01-23', '2020-01-23'),
(578, '5f61843a-3b8a-11ea-9b3d-e03f4931b17e', 'ANALISA_003', '135', 12, 'A', 7, '2020-01-23', '2020-01-23'),
(579, '5f61843a-3b8a-11ea-9b3d-e03f4931b17e', 'ANALISA_003', '136', 1, 'B', 12, '2020-01-23', '2020-01-23'),
(580, '5f61843a-3b8a-11ea-9b3d-e03f4931b17e', 'ANALISA_003', '137', 2, 'B', 11, '2020-01-23', '2020-01-23'),
(581, '5f61843a-3b8a-11ea-9b3d-e03f4931b17e', 'ANALISA_003', '138', 3, 'B', 10, '2020-01-23', '2020-01-23'),
(582, '5f61843a-3b8a-11ea-9b3d-e03f4931b17e', 'ANALISA_003', '139', 4, 'B', 9, '2020-01-23', '2020-01-23'),
(583, '5f61843a-3b8a-11ea-9b3d-e03f4931b17e', 'ANALISA_003', '140', 5, 'B', 8, '2020-01-23', '2020-01-23'),
(584, '5f61843a-3b8a-11ea-9b3d-e03f4931b17e', 'ANALISA_003', '141', 6, 'B', 1, '2020-01-23', '2020-01-23'),
(585, '5f61843a-3b8a-11ea-9b3d-e03f4931b17e', 'ANALISA_003', '142', 7, 'B', 2, '2020-01-23', '2020-01-23'),
(586, '5f61843a-3b8a-11ea-9b3d-e03f4931b17e', 'ANALISA_003', '143', 8, 'B', 3, '2020-01-23', '2020-01-23'),
(587, '5f61843a-3b8a-11ea-9b3d-e03f4931b17e', 'ANALISA_003', '144', 9, 'B', 4, '2020-01-23', '2020-01-23'),
(588, '5f61843a-3b8a-11ea-9b3d-e03f4931b17e', 'ANALISA_003', '145', 10, 'B', 5, '2020-01-23', '2020-01-23'),
(589, '5f61843a-3b8a-11ea-9b3d-e03f4931b17e', 'ANALISA_003', '146', 11, 'B', 6, '2020-01-23', '2020-01-23'),
(590, '5f61843a-3b8a-11ea-9b3d-e03f4931b17e', 'ANALISA_003', '147', 12, 'B', 7, '2020-01-23', '2020-01-23'),
(591, '5f61843a-3b8a-11ea-9b3d-e03f4931b17e', 'ANALISA_003', '148', 1, 'C', 9, '2020-01-23', '2020-01-23'),
(592, '5f61843a-3b8a-11ea-9b3d-e03f4931b17e', 'ANALISA_003', '149', 2, 'C', 8, '2020-01-23', '2020-01-23'),
(593, '5f61843a-3b8a-11ea-9b3d-e03f4931b17e', 'ANALISA_003', '150', 3, 'C', 7, '2020-01-23', '2020-01-23'),
(594, '5f61843a-3b8a-11ea-9b3d-e03f4931b17e', 'ANALISA_003', '151', 4, 'C', 6, '2020-01-23', '2020-01-23'),
(595, '5f61843a-3b8a-11ea-9b3d-e03f4931b17e', 'ANALISA_003', '152', 5, 'C', 1, '2020-01-23', '2020-01-23'),
(596, '5f61843a-3b8a-11ea-9b3d-e03f4931b17e', 'ANALISA_003', '153', 6, 'C', 2, '2020-01-23', '2020-01-23'),
(597, '5f61843a-3b8a-11ea-9b3d-e03f4931b17e', 'ANALISA_003', '154', 7, 'C', 3, '2020-01-23', '2020-01-23'),
(598, '5f61843a-3b8a-11ea-9b3d-e03f4931b17e', 'ANALISA_003', '155', 8, 'C', 4, '2020-01-23', '2020-01-23'),
(599, '5f61843a-3b8a-11ea-9b3d-e03f4931b17e', 'ANALISA_003', '156', 9, 'C', 5, '2020-01-23', '2020-01-23'),
(600, '5f61843a-3b8a-11ea-9b3d-e03f4931b17e', 'ANALISA_003', '157', 10, 'C', 10, '2020-01-23', '2020-01-23'),
(601, '5f61843a-3b8a-11ea-9b3d-e03f4931b17e', 'ANALISA_003', '158', 11, 'C', 11, '2020-01-23', '2020-01-23'),
(602, '5f61843a-3b8a-11ea-9b3d-e03f4931b17e', 'ANALISA_003', '159', 12, 'C', 12, '2020-01-23', '2020-01-23'),
(603, '5f61843a-3b8a-11ea-9b3d-e03f4931b17e', 'ANALISA_003', '160', 1, 'D', 1, '2020-01-23', '2020-01-23'),
(604, '5f61843a-3b8a-11ea-9b3d-e03f4931b17e', 'ANALISA_003', '161', 2, 'D', 2, '2020-01-23', '2020-01-23'),
(605, '5f61843a-3b8a-11ea-9b3d-e03f4931b17e', 'ANALISA_003', '162', 3, 'D', 3, '2020-01-23', '2020-01-23'),
(606, '5f61843a-3b8a-11ea-9b3d-e03f4931b17e', 'ANALISA_003', '163', 4, 'D', 4, '2020-01-23', '2020-01-23'),
(607, '5f61843a-3b8a-11ea-9b3d-e03f4931b17e', 'ANALISA_003', '164', 5, 'D', 5, '2020-01-23', '2020-01-23'),
(608, '5f61843a-3b8a-11ea-9b3d-e03f4931b17e', 'ANALISA_003', '165', 6, 'D', 7, '2020-01-23', '2020-01-23'),
(609, '5f61843a-3b8a-11ea-9b3d-e03f4931b17e', 'ANALISA_003', '166', 7, 'D', 8, '2020-01-23', '2020-01-23'),
(610, '5f61843a-3b8a-11ea-9b3d-e03f4931b17e', 'ANALISA_003', '167', 8, 'D', 9, '2020-01-23', '2020-01-23'),
(611, '5f61843a-3b8a-11ea-9b3d-e03f4931b17e', 'ANALISA_003', '168', 9, 'D', 10, '2020-01-23', '2020-01-23'),
(612, '5f61843a-3b8a-11ea-9b3d-e03f4931b17e', 'ANALISA_003', '169', 10, 'D', 11, '2020-01-23', '2020-01-23'),
(613, '5f61843a-3b8a-11ea-9b3d-e03f4931b17e', 'ANALISA_003', '170', 11, 'D', 12, '2020-01-23', '2020-01-23'),
(614, '5f61843a-3b8a-11ea-9b3d-e03f4931b17e', 'ANALISA_003', '171', 12, 'D', 6, '2020-01-23', '2020-01-23'),
(615, '5f61843a-3b8a-11ea-9b3d-e03f4931b17e', 'ANALISA_003', '172', 1, 'E', 1, '2020-01-23', '2020-01-23'),
(616, '5f61843a-3b8a-11ea-9b3d-e03f4931b17e', 'ANALISA_003', '173', 2, 'E', 2, '2020-01-23', '2020-01-23'),
(617, '5f61843a-3b8a-11ea-9b3d-e03f4931b17e', 'ANALISA_003', '174', 3, 'E', 3, '2020-01-23', '2020-01-23'),
(618, '5f61843a-3b8a-11ea-9b3d-e03f4931b17e', 'ANALISA_003', '175', 4, 'E', 4, '2020-01-23', '2020-01-23'),
(619, '5f61843a-3b8a-11ea-9b3d-e03f4931b17e', 'ANALISA_003', '176', 5, 'E', 5, '2020-01-23', '2020-01-23'),
(620, '5f61843a-3b8a-11ea-9b3d-e03f4931b17e', 'ANALISA_003', '177', 6, 'E', 6, '2020-01-23', '2020-01-23'),
(621, '5f61843a-3b8a-11ea-9b3d-e03f4931b17e', 'ANALISA_003', '178', 7, 'E', 7, '2020-01-23', '2020-01-23'),
(622, '5f61843a-3b8a-11ea-9b3d-e03f4931b17e', 'ANALISA_003', '179', 8, 'E', 8, '2020-01-23', '2020-01-23'),
(623, '5f61843a-3b8a-11ea-9b3d-e03f4931b17e', 'ANALISA_003', '180', 9, 'E', 9, '2020-01-23', '2020-01-23'),
(624, '5f61843a-3b8a-11ea-9b3d-e03f4931b17e', 'ANALISA_003', '181', 10, 'E', 10, '2020-01-23', '2020-01-23'),
(625, '5f61843a-3b8a-11ea-9b3d-e03f4931b17e', 'ANALISA_003', '182', 11, 'E', 11, '2020-01-23', '2020-01-23'),
(626, '5f61843a-3b8a-11ea-9b3d-e03f4931b17e', 'ANALISA_003', '183', 12, 'E', 12, '2020-01-23', '2020-01-23'),
(627, '5f61843a-3b8a-11ea-9b3d-e03f4931b17e', 'ANALISA_003', '184', 1, 'F', 6, '2020-01-23', '2020-01-23'),
(628, '5f61843a-3b8a-11ea-9b3d-e03f4931b17e', 'ANALISA_003', '185', 2, 'F', 7, '2020-01-23', '2020-01-23'),
(629, '5f61843a-3b8a-11ea-9b3d-e03f4931b17e', 'ANALISA_003', '186', 3, 'F', 8, '2020-01-23', '2020-01-23'),
(630, '5f61843a-3b8a-11ea-9b3d-e03f4931b17e', 'ANALISA_003', '187', 4, 'F', 9, '2020-01-23', '2020-01-23'),
(631, '5f61843a-3b8a-11ea-9b3d-e03f4931b17e', 'ANALISA_003', '188', 5, 'F', 10, '2020-01-23', '2020-01-23'),
(632, '5f61843a-3b8a-11ea-9b3d-e03f4931b17e', 'ANALISA_003', '189', 6, 'F', 11, '2020-01-23', '2020-01-23'),
(633, '5f61843a-3b8a-11ea-9b3d-e03f4931b17e', 'ANALISA_003', '190', 7, 'F', 1, '2020-01-23', '2020-01-23'),
(634, '5f61843a-3b8a-11ea-9b3d-e03f4931b17e', 'ANALISA_003', '191', 8, 'F', 2, '2020-01-23', '2020-01-23'),
(635, '5f61843a-3b8a-11ea-9b3d-e03f4931b17e', 'ANALISA_003', '192', 9, 'F', 3, '2020-01-23', '2020-01-23'),
(636, '5f61843a-3b8a-11ea-9b3d-e03f4931b17e', 'ANALISA_003', '193', 10, 'F', 12, '2020-01-23', '2020-01-23'),
(637, '5f61843a-3b8a-11ea-9b3d-e03f4931b17e', 'ANALISA_003', '194', 11, 'F', 4, '2020-01-23', '2020-01-23'),
(638, '5f61843a-3b8a-11ea-9b3d-e03f4931b17e', 'ANALISA_003', '195', 12, 'F', 5, '2020-01-23', '2020-01-23'),
(639, '5f61843a-3b8a-11ea-9b3d-e03f4931b17e', 'ANALISA_003', '196', 1, 'G', 12, '2020-01-23', '2020-01-23'),
(640, '5f61843a-3b8a-11ea-9b3d-e03f4931b17e', 'ANALISA_003', '197', 2, 'G', 11, '2020-01-23', '2020-01-23'),
(641, '5f61843a-3b8a-11ea-9b3d-e03f4931b17e', 'ANALISA_003', '198', 3, 'G', 10, '2020-01-23', '2020-01-23'),
(642, '5f61843a-3b8a-11ea-9b3d-e03f4931b17e', 'ANALISA_003', '199', 4, 'G', 9, '2020-01-23', '2020-01-23'),
(643, '5f61843a-3b8a-11ea-9b3d-e03f4931b17e', 'ANALISA_003', '200', 5, 'G', 8, '2020-01-23', '2020-01-23'),
(644, '5f61843a-3b8a-11ea-9b3d-e03f4931b17e', 'ANALISA_003', '201', 6, 'G', 7, '2020-01-23', '2020-01-23'),
(645, '5f61843a-3b8a-11ea-9b3d-e03f4931b17e', 'ANALISA_003', '202', 7, 'G', 6, '2020-01-23', '2020-01-23'),
(646, '5f61843a-3b8a-11ea-9b3d-e03f4931b17e', 'ANALISA_003', '203', 8, 'G', 5, '2020-01-23', '2020-01-23'),
(647, '5f61843a-3b8a-11ea-9b3d-e03f4931b17e', 'ANALISA_003', '204', 9, 'G', 4, '2020-01-23', '2020-01-23'),
(648, '5f61843a-3b8a-11ea-9b3d-e03f4931b17e', 'ANALISA_003', '205', 10, 'G', 3, '2020-01-23', '2020-01-23'),
(649, '5f61843a-3b8a-11ea-9b3d-e03f4931b17e', 'ANALISA_003', '206', 11, 'G', 2, '2020-01-23', '2020-01-23'),
(650, '5f61843a-3b8a-11ea-9b3d-e03f4931b17e', 'ANALISA_003', '207', 12, 'G', 1, '2020-01-23', '2020-01-23'),
(651, '5f61843a-3b8a-11ea-9b3d-e03f4931b17e', 'ANALISA_003', '208', 1, 'H', 1, '2020-01-23', '2020-01-23'),
(652, '5f61843a-3b8a-11ea-9b3d-e03f4931b17e', 'ANALISA_003', '209', 2, 'H', 12, '2020-01-23', '2020-01-23'),
(653, '5f61843a-3b8a-11ea-9b3d-e03f4931b17e', 'ANALISA_003', '210', 3, 'H', 2, '2020-01-23', '2020-01-23'),
(654, '5f61843a-3b8a-11ea-9b3d-e03f4931b17e', 'ANALISA_003', '211', 4, 'H', 11, '2020-01-23', '2020-01-23'),
(655, '5f61843a-3b8a-11ea-9b3d-e03f4931b17e', 'ANALISA_003', '212', 5, 'H', 3, '2020-01-23', '2020-01-23'),
(656, '5f61843a-3b8a-11ea-9b3d-e03f4931b17e', 'ANALISA_003', '213', 6, 'H', 10, '2020-01-23', '2020-01-23'),
(657, '5f61843a-3b8a-11ea-9b3d-e03f4931b17e', 'ANALISA_003', '214', 7, 'H', 4, '2020-01-23', '2020-01-23'),
(658, '5f61843a-3b8a-11ea-9b3d-e03f4931b17e', 'ANALISA_003', '215', 8, 'H', 9, '2020-01-23', '2020-01-23'),
(659, '5f61843a-3b8a-11ea-9b3d-e03f4931b17e', 'ANALISA_003', '216', 9, 'H', 5, '2020-01-23', '2020-01-23'),
(660, '5f61843a-3b8a-11ea-9b3d-e03f4931b17e', 'ANALISA_003', '217', 10, 'H', 8, '2020-01-23', '2020-01-23'),
(661, '5f61843a-3b8a-11ea-9b3d-e03f4931b17e', 'ANALISA_003', '218', 11, 'H', 6, '2020-01-23', '2020-01-23'),
(662, '5f61843a-3b8a-11ea-9b3d-e03f4931b17e', 'ANALISA_003', '219', 12, 'H', 7, '2020-01-23', '2020-01-23'),
(663, '5f61843a-3b8a-11ea-9b3d-e03f4931b17e', 'ANALISA_003', '220', 1, 'I', 1, '2020-01-23', '2020-01-23'),
(664, '5f61843a-3b8a-11ea-9b3d-e03f4931b17e', 'ANALISA_003', '221', 2, 'I', 2, '2020-01-23', '2020-01-23'),
(665, '5f61843a-3b8a-11ea-9b3d-e03f4931b17e', 'ANALISA_003', '222', 3, 'I', 3, '2020-01-23', '2020-01-23'),
(666, '5f61843a-3b8a-11ea-9b3d-e03f4931b17e', 'ANALISA_003', '223', 4, 'I', 4, '2020-01-23', '2020-01-23'),
(667, '5f61843a-3b8a-11ea-9b3d-e03f4931b17e', 'ANALISA_003', '224', 5, 'I', 5, '2020-01-23', '2020-01-23'),
(668, '5f61843a-3b8a-11ea-9b3d-e03f4931b17e', 'ANALISA_003', '225', 6, 'I', 6, '2020-01-23', '2020-01-23'),
(669, '5f61843a-3b8a-11ea-9b3d-e03f4931b17e', 'ANALISA_003', '226', 7, 'I', 7, '2020-01-23', '2020-01-23'),
(670, '5f61843a-3b8a-11ea-9b3d-e03f4931b17e', 'ANALISA_003', '227', 8, 'I', 10, '2020-01-23', '2020-01-23'),
(671, '5f61843a-3b8a-11ea-9b3d-e03f4931b17e', 'ANALISA_003', '228', 9, 'I', 11, '2020-01-23', '2020-01-23'),
(672, '5f61843a-3b8a-11ea-9b3d-e03f4931b17e', 'ANALISA_003', '229', 10, 'I', 12, '2020-01-23', '2020-01-23'),
(673, '5f61843a-3b8a-11ea-9b3d-e03f4931b17e', 'ANALISA_003', '230', 11, 'I', 8, '2020-01-23', '2020-01-23'),
(674, '5f61843a-3b8a-11ea-9b3d-e03f4931b17e', 'ANALISA_003', '231', 12, 'I', 9, '2020-01-23', '2020-01-23'),
(675, '5f61843a-3b8a-11ea-9b3d-e03f4931b17e', 'ANALISA_004', '16', 1, 'A', 1, '2020-01-23', '2020-01-23'),
(676, '5f61843a-3b8a-11ea-9b3d-e03f4931b17e', 'ANALISA_004', '17', 2, 'A', 2, '2020-01-23', '2020-01-23'),
(677, '5f61843a-3b8a-11ea-9b3d-e03f4931b17e', 'ANALISA_004', '18', 3, 'A', 3, '2020-01-23', '2020-01-23'),
(678, '5f61843a-3b8a-11ea-9b3d-e03f4931b17e', 'ANALISA_004', '19', 4, 'A', 4, '2020-01-23', '2020-01-23'),
(679, '5f61843a-3b8a-11ea-9b3d-e03f4931b17e', 'ANALISA_004', '20', 5, 'A', 5, '2020-01-23', '2020-01-23'),
(680, '5f61843a-3b8a-11ea-9b3d-e03f4931b17e', 'ANALISA_004', '21', 6, 'A', 6, '2020-01-23', '2020-01-23'),
(681, '5f61843a-3b8a-11ea-9b3d-e03f4931b17e', 'ANALISA_004', '22', 7, 'A', 7, '2020-01-23', '2020-01-23'),
(682, '5f61843a-3b8a-11ea-9b3d-e03f4931b17e', 'ANALISA_004', '23', 8, 'A', 8, '2020-01-23', '2020-01-23'),
(683, '5f61843a-3b8a-11ea-9b3d-e03f4931b17e', 'ANALISA_004', '24', 9, 'A', 9, '2020-01-23', '2020-01-23'),
(684, '5f61843a-3b8a-11ea-9b3d-e03f4931b17e', 'ANALISA_004', '25', 10, 'A', 10, '2020-01-23', '2020-01-23'),
(685, '5f61843a-3b8a-11ea-9b3d-e03f4931b17e', 'ANALISA_004', '26', 11, 'A', 11, '2020-01-23', '2020-01-23'),
(686, '5f61843a-3b8a-11ea-9b3d-e03f4931b17e', 'ANALISA_004', '27', 12, 'A', 12, '2020-01-23', '2020-01-23'),
(687, '5f61843a-3b8a-11ea-9b3d-e03f4931b17e', 'ANALISA_004', '28', 1, 'B', 1, '2020-01-23', '2020-01-23'),
(688, '5f61843a-3b8a-11ea-9b3d-e03f4931b17e', 'ANALISA_004', '29', 2, 'B', 2, '2020-01-23', '2020-01-23'),
(689, '5f61843a-3b8a-11ea-9b3d-e03f4931b17e', 'ANALISA_004', '30', 3, 'B', 3, '2020-01-23', '2020-01-23'),
(690, '5f61843a-3b8a-11ea-9b3d-e03f4931b17e', 'ANALISA_004', '31', 4, 'B', 4, '2020-01-23', '2020-01-23'),
(691, '5f61843a-3b8a-11ea-9b3d-e03f4931b17e', 'ANALISA_004', '32', 5, 'B', 10, '2020-01-23', '2020-01-23'),
(692, '5f61843a-3b8a-11ea-9b3d-e03f4931b17e', 'ANALISA_004', '33', 6, 'B', 11, '2020-01-23', '2020-01-23'),
(693, '5f61843a-3b8a-11ea-9b3d-e03f4931b17e', 'ANALISA_004', '34', 7, 'B', 12, '2020-01-23', '2020-01-23'),
(694, '5f61843a-3b8a-11ea-9b3d-e03f4931b17e', 'ANALISA_004', '35', 8, 'B', 9, '2020-01-23', '2020-01-23'),
(695, '5f61843a-3b8a-11ea-9b3d-e03f4931b17e', 'ANALISA_004', '36', 9, 'B', 8, '2020-01-23', '2020-01-23'),
(696, '5f61843a-3b8a-11ea-9b3d-e03f4931b17e', 'ANALISA_004', '37', 10, 'B', 7, '2020-01-23', '2020-01-23'),
(697, '5f61843a-3b8a-11ea-9b3d-e03f4931b17e', 'ANALISA_004', '38', 11, 'B', 6, '2020-01-23', '2020-01-23'),
(698, '5f61843a-3b8a-11ea-9b3d-e03f4931b17e', 'ANALISA_004', '39', 12, 'B', 5, '2020-01-23', '2020-01-23'),
(699, '5f61843a-3b8a-11ea-9b3d-e03f4931b17e', 'ANALISA_004', '40', 1, 'C', 1, '2020-01-23', '2020-01-23'),
(700, '5f61843a-3b8a-11ea-9b3d-e03f4931b17e', 'ANALISA_004', '41', 2, 'C', 2, '2020-01-23', '2020-01-23'),
(701, '5f61843a-3b8a-11ea-9b3d-e03f4931b17e', 'ANALISA_004', '42', 3, 'C', 3, '2020-01-23', '2020-01-23'),
(702, '5f61843a-3b8a-11ea-9b3d-e03f4931b17e', 'ANALISA_004', '43', 4, 'C', 4, '2020-01-23', '2020-01-23'),
(703, '5f61843a-3b8a-11ea-9b3d-e03f4931b17e', 'ANALISA_004', '44', 5, 'C', 5, '2020-01-23', '2020-01-23'),
(704, '5f61843a-3b8a-11ea-9b3d-e03f4931b17e', 'ANALISA_004', '45', 6, 'C', 6, '2020-01-23', '2020-01-23'),
(705, '5f61843a-3b8a-11ea-9b3d-e03f4931b17e', 'ANALISA_004', '46', 7, 'C', 7, '2020-01-23', '2020-01-23'),
(706, '5f61843a-3b8a-11ea-9b3d-e03f4931b17e', 'ANALISA_004', '47', 8, 'C', 8, '2020-01-23', '2020-01-23'),
(707, '5f61843a-3b8a-11ea-9b3d-e03f4931b17e', 'ANALISA_004', '48', 9, 'C', 9, '2020-01-23', '2020-01-23'),
(708, '5f61843a-3b8a-11ea-9b3d-e03f4931b17e', 'ANALISA_004', '49', 10, 'C', 10, '2020-01-23', '2020-01-23'),
(709, '5f61843a-3b8a-11ea-9b3d-e03f4931b17e', 'ANALISA_004', '50', 11, 'C', 11, '2020-01-23', '2020-01-23'),
(710, '5f61843a-3b8a-11ea-9b3d-e03f4931b17e', 'ANALISA_004', '51', 12, 'C', 12, '2020-01-23', '2020-01-23'),
(711, '5f61843a-3b8a-11ea-9b3d-e03f4931b17e', 'ANALISA_004', '52', 1, 'D', 12, '2020-01-23', '2020-01-23'),
(712, '5f61843a-3b8a-11ea-9b3d-e03f4931b17e', 'ANALISA_004', '53', 2, 'D', 11, '2020-01-23', '2020-01-23'),
(713, '5f61843a-3b8a-11ea-9b3d-e03f4931b17e', 'ANALISA_004', '54', 3, 'D', 10, '2020-01-23', '2020-01-23'),
(714, '5f61843a-3b8a-11ea-9b3d-e03f4931b17e', 'ANALISA_004', '55', 4, 'D', 9, '2020-01-23', '2020-01-23'),
(715, '5f61843a-3b8a-11ea-9b3d-e03f4931b17e', 'ANALISA_004', '56', 5, 'D', 8, '2020-01-23', '2020-01-23'),
(716, '5f61843a-3b8a-11ea-9b3d-e03f4931b17e', 'ANALISA_004', '57', 6, 'D', 7, '2020-01-23', '2020-01-23'),
(717, '5f61843a-3b8a-11ea-9b3d-e03f4931b17e', 'ANALISA_004', '58', 7, 'D', 6, '2020-01-23', '2020-01-23'),
(718, '5f61843a-3b8a-11ea-9b3d-e03f4931b17e', 'ANALISA_004', '59', 8, 'D', 5, '2020-01-23', '2020-01-23'),
(719, '5f61843a-3b8a-11ea-9b3d-e03f4931b17e', 'ANALISA_004', '60', 9, 'D', 4, '2020-01-23', '2020-01-23'),
(720, '5f61843a-3b8a-11ea-9b3d-e03f4931b17e', 'ANALISA_004', '61', 10, 'D', 3, '2020-01-23', '2020-01-23'),
(721, '5f61843a-3b8a-11ea-9b3d-e03f4931b17e', 'ANALISA_004', '62', 11, 'D', 2, '2020-01-23', '2020-01-23'),
(722, '5f61843a-3b8a-11ea-9b3d-e03f4931b17e', 'ANALISA_004', '63', 12, 'D', 1, '2020-01-23', '2020-01-23'),
(723, '5f61843a-3b8a-11ea-9b3d-e03f4931b17e', 'ANALISA_004', '64', 1, 'E', 1, '2020-01-23', '2020-01-23'),
(724, '5f61843a-3b8a-11ea-9b3d-e03f4931b17e', 'ANALISA_004', '65', 2, 'E', 2, '2020-01-23', '2020-01-23'),
(725, '5f61843a-3b8a-11ea-9b3d-e03f4931b17e', 'ANALISA_004', '66', 3, 'E', 3, '2020-01-23', '2020-01-23'),
(726, '5f61843a-3b8a-11ea-9b3d-e03f4931b17e', 'ANALISA_004', '67', 4, 'E', 5, '2020-01-23', '2020-01-23'),
(727, '5f61843a-3b8a-11ea-9b3d-e03f4931b17e', 'ANALISA_004', '68', 5, 'E', 6, '2020-01-23', '2020-01-23'),
(728, '5f61843a-3b8a-11ea-9b3d-e03f4931b17e', 'ANALISA_004', '69', 6, 'E', 7, '2020-01-23', '2020-01-23'),
(729, '5f61843a-3b8a-11ea-9b3d-e03f4931b17e', 'ANALISA_004', '70', 7, 'E', 8, '2020-01-23', '2020-01-23'),
(730, '5f61843a-3b8a-11ea-9b3d-e03f4931b17e', 'ANALISA_004', '71', 8, 'E', 9, '2020-01-23', '2020-01-23'),
(731, '5f61843a-3b8a-11ea-9b3d-e03f4931b17e', 'ANALISA_004', '72', 9, 'E', 10, '2020-01-23', '2020-01-23'),
(732, '5f61843a-3b8a-11ea-9b3d-e03f4931b17e', 'ANALISA_004', '73', 10, 'E', 11, '2020-01-23', '2020-01-23'),
(733, '5f61843a-3b8a-11ea-9b3d-e03f4931b17e', 'ANALISA_004', '74', 11, 'E', 12, '2020-01-23', '2020-01-23'),
(734, '5f61843a-3b8a-11ea-9b3d-e03f4931b17e', 'ANALISA_004', '75', 12, 'E', 4, '2020-01-23', '2020-01-23'),
(735, '5f61843a-3b8a-11ea-9b3d-e03f4931b17e', 'ANALISA_004', '76', 1, 'F', 1, '2020-01-23', '2020-01-23'),
(736, '5f61843a-3b8a-11ea-9b3d-e03f4931b17e', 'ANALISA_004', '77', 2, 'F', 2, '2020-01-23', '2020-01-23'),
(737, '5f61843a-3b8a-11ea-9b3d-e03f4931b17e', 'ANALISA_004', '78', 3, 'F', 3, '2020-01-23', '2020-01-23'),
(738, '5f61843a-3b8a-11ea-9b3d-e03f4931b17e', 'ANALISA_004', '79', 4, 'F', 4, '2020-01-23', '2020-01-23'),
(739, '5f61843a-3b8a-11ea-9b3d-e03f4931b17e', 'ANALISA_004', '80', 5, 'F', 5, '2020-01-23', '2020-01-23'),
(740, '5f61843a-3b8a-11ea-9b3d-e03f4931b17e', 'ANALISA_004', '81', 6, 'F', 6, '2020-01-23', '2020-01-23'),
(741, '5f61843a-3b8a-11ea-9b3d-e03f4931b17e', 'ANALISA_004', '82', 7, 'F', 12, '2020-01-23', '2020-01-23'),
(742, '5f61843a-3b8a-11ea-9b3d-e03f4931b17e', 'ANALISA_004', '83', 8, 'F', 11, '2020-01-23', '2020-01-23'),
(743, '5f61843a-3b8a-11ea-9b3d-e03f4931b17e', 'ANALISA_004', '84', 9, 'F', 10, '2020-01-23', '2020-01-23'),
(744, '5f61843a-3b8a-11ea-9b3d-e03f4931b17e', 'ANALISA_004', '85', 10, 'F', 9, '2020-01-23', '2020-01-23'),
(745, '5f61843a-3b8a-11ea-9b3d-e03f4931b17e', 'ANALISA_004', '86', 11, 'F', 8, '2020-01-23', '2020-01-23'),
(746, '5f61843a-3b8a-11ea-9b3d-e03f4931b17e', 'ANALISA_004', '87', 12, 'F', 7, '2020-01-23', '2020-01-23'),
(747, '5f61843a-3b8a-11ea-9b3d-e03f4931b17e', 'ANALISA_004', '88', 1, 'G', 1, '2020-01-23', '2020-01-23'),
(748, '5f61843a-3b8a-11ea-9b3d-e03f4931b17e', 'ANALISA_004', '89', 2, 'G', 2, '2020-01-23', '2020-01-23'),
(749, '5f61843a-3b8a-11ea-9b3d-e03f4931b17e', 'ANALISA_004', '90', 3, 'G', 3, '2020-01-23', '2020-01-23'),
(750, '5f61843a-3b8a-11ea-9b3d-e03f4931b17e', 'ANALISA_004', '91', 4, 'G', 4, '2020-01-23', '2020-01-23'),
(751, '5f61843a-3b8a-11ea-9b3d-e03f4931b17e', 'ANALISA_004', '92', 5, 'G', 5, '2020-01-23', '2020-01-23'),
(752, '5f61843a-3b8a-11ea-9b3d-e03f4931b17e', 'ANALISA_004', '93', 6, 'G', 6, '2020-01-23', '2020-01-23'),
(753, '5f61843a-3b8a-11ea-9b3d-e03f4931b17e', 'ANALISA_004', '94', 7, 'G', 7, '2020-01-23', '2020-01-23'),
(754, '5f61843a-3b8a-11ea-9b3d-e03f4931b17e', 'ANALISA_004', '95', 8, 'G', 8, '2020-01-23', '2020-01-23'),
(755, '5f61843a-3b8a-11ea-9b3d-e03f4931b17e', 'ANALISA_004', '96', 9, 'G', 10, '2020-01-23', '2020-01-23'),
(756, '5f61843a-3b8a-11ea-9b3d-e03f4931b17e', 'ANALISA_004', '97', 10, 'G', 11, '2020-01-23', '2020-01-23'),
(757, '5f61843a-3b8a-11ea-9b3d-e03f4931b17e', 'ANALISA_004', '98', 11, 'G', 12, '2020-01-23', '2020-01-23'),
(758, '5f61843a-3b8a-11ea-9b3d-e03f4931b17e', 'ANALISA_004', '99', 12, 'G', 9, '2020-01-23', '2020-01-23'),
(759, '5f61843a-3b8a-11ea-9b3d-e03f4931b17e', 'ANALISA_004', '100', 1, 'H', 12, '2020-01-23', '2020-01-23'),
(760, '5f61843a-3b8a-11ea-9b3d-e03f4931b17e', 'ANALISA_004', '101', 2, 'H', 9, '2020-01-23', '2020-01-23'),
(761, '5f61843a-3b8a-11ea-9b3d-e03f4931b17e', 'ANALISA_004', '102', 3, 'H', 10, '2020-01-23', '2020-01-23'),
(762, '5f61843a-3b8a-11ea-9b3d-e03f4931b17e', 'ANALISA_004', '103', 4, 'H', 11, '2020-01-23', '2020-01-23'),
(763, '5f61843a-3b8a-11ea-9b3d-e03f4931b17e', 'ANALISA_004', '104', 5, 'H', 8, '2020-01-23', '2020-01-23'),
(764, '5f61843a-3b8a-11ea-9b3d-e03f4931b17e', 'ANALISA_004', '105', 6, 'H', 7, '2020-01-23', '2020-01-23'),
(765, '5f61843a-3b8a-11ea-9b3d-e03f4931b17e', 'ANALISA_004', '106', 7, 'H', 6, '2020-01-23', '2020-01-23'),
(766, '5f61843a-3b8a-11ea-9b3d-e03f4931b17e', 'ANALISA_004', '107', 8, 'H', 5, '2020-01-23', '2020-01-23'),
(767, '5f61843a-3b8a-11ea-9b3d-e03f4931b17e', 'ANALISA_004', '108', 9, 'H', 4, '2020-01-23', '2020-01-23'),
(768, '5f61843a-3b8a-11ea-9b3d-e03f4931b17e', 'ANALISA_004', '109', 10, 'H', 3, '2020-01-23', '2020-01-23'),
(769, '5f61843a-3b8a-11ea-9b3d-e03f4931b17e', 'ANALISA_004', '110', 11, 'H', 2, '2020-01-23', '2020-01-23'),
(770, '5f61843a-3b8a-11ea-9b3d-e03f4931b17e', 'ANALISA_004', '111', 12, 'H', 1, '2020-01-23', '2020-01-23'),
(771, '5f61843a-3b8a-11ea-9b3d-e03f4931b17e', 'ANALISA_004', '112', 1, 'I', 12, '2020-01-23', '2020-01-23'),
(772, '5f61843a-3b8a-11ea-9b3d-e03f4931b17e', 'ANALISA_004', '113', 2, 'I', 11, '2020-01-23', '2020-01-23'),
(773, '5f61843a-3b8a-11ea-9b3d-e03f4931b17e', 'ANALISA_004', '114', 3, 'I', 10, '2020-01-23', '2020-01-23'),
(774, '5f61843a-3b8a-11ea-9b3d-e03f4931b17e', 'ANALISA_004', '115', 4, 'I', 9, '2020-01-23', '2020-01-23'),
(775, '5f61843a-3b8a-11ea-9b3d-e03f4931b17e', 'ANALISA_004', '116', 5, 'I', 8, '2020-01-23', '2020-01-23'),
(776, '5f61843a-3b8a-11ea-9b3d-e03f4931b17e', 'ANALISA_004', '117', 6, 'I', 7, '2020-01-23', '2020-01-23'),
(777, '5f61843a-3b8a-11ea-9b3d-e03f4931b17e', 'ANALISA_004', '118', 7, 'I', 6, '2020-01-23', '2020-01-23'),
(778, '5f61843a-3b8a-11ea-9b3d-e03f4931b17e', 'ANALISA_004', '119', 8, 'I', 5, '2020-01-23', '2020-01-23'),
(779, '5f61843a-3b8a-11ea-9b3d-e03f4931b17e', 'ANALISA_004', '120', 9, 'I', 4, '2020-01-23', '2020-01-23'),
(780, '5f61843a-3b8a-11ea-9b3d-e03f4931b17e', 'ANALISA_004', '121', 10, 'I', 3, '2020-01-23', '2020-01-23'),
(781, '5f61843a-3b8a-11ea-9b3d-e03f4931b17e', 'ANALISA_004', '122', 11, 'I', 2, '2020-01-23', '2020-01-23'),
(782, '5f61843a-3b8a-11ea-9b3d-e03f4931b17e', 'ANALISA_004', '123', 12, 'I', 1, '2020-01-23', '2020-01-23');

-- --------------------------------------------------------

--
-- Struktur dari tabel `hasil_analisa`
--

CREATE TABLE `hasil_analisa` (
  `id` varchar(36) NOT NULL,
  `id_user` varchar(36) NOT NULL,
  `nama` varchar(255) NOT NULL,
  `TTL` varchar(255) NOT NULL,
  `jenis_kelamin` enum('L','P') NOT NULL,
  `hasil` varchar(36) DEFAULT NULL,
  `created_at` date NOT NULL,
  `updated_at` date NOT NULL
) ENGINE=MyISAM DEFAULT CHARSET=latin1;

--
-- Dumping data untuk tabel `hasil_analisa`
--

INSERT INTO `hasil_analisa` (`id`, `id_user`, `nama`, `TTL`, `jenis_kelamin`, `hasil`, `created_at`, `updated_at`) VALUES
('ANALISA_002', '5f61843a-3b8a-11ea-9b3d-e03f4931b17e', 'Damai', 'Purwokerto,17 Agus 2019', 'L', 'SELESAI', '2020-01-23', '2020-01-23'),
('ANALISA_001', '5f61843a-3b8a-11ea-9b3d-e03f4931b17e', 'Trian', 'Purwokerto, 16 sep 2019', 'L', 'SELESAI', '2020-01-23', '2020-01-23'),
('ANALISA_003', '5f61843a-3b8a-11ea-9b3d-e03f4931b17e', 'Desi', 'Purwokerto, 12 Des 2019', 'P', 'SELESAI', '2020-01-23', '2020-01-23'),
('ANALISA_004', '5f61843a-3b8a-11ea-9b3d-e03f4931b17e', 'Rafly', 'Klahang,16 august 2019', 'L', 'SELESAI', '2020-01-23', '2020-01-23'),
('ANALISA_005', '5f61843a-3b8a-11ea-9b3d-e03f4931b17e', 'trian', 'pwt ', 'L', NULL, '2020-01-23', '2020-01-23');

-- --------------------------------------------------------

--
-- Struktur dari tabel `indikator`
--

CREATE TABLE `indikator` (
  `id` varchar(36) NOT NULL,
  `nama` varchar(255) NOT NULL,
  `no_urut` int(2) NOT NULL,
  `created_at` date NOT NULL,
  `updated_at` date NOT NULL
) ENGINE=MyISAM DEFAULT CHARSET=latin1;

--
-- Dumping data untuk tabel `indikator`
--

INSERT INTO `indikator` (`id`, `nama`, `no_urut`, `created_at`, `updated_at`) VALUES
('I002', 'Mechanical', 2, '2020-01-21', '2020-01-22'),
('I001', 'Outdoor', 1, '2020-01-20', '2020-01-22'),
('I003', 'Comeputational', 3, '2020-01-22', '2020-01-22'),
('I004', 'Scientific', 4, '2020-01-22', '2020-01-22'),
('I005', 'Personal Contact', 5, '2020-01-22', '2020-01-22'),
('I006', 'Aesthetic', 6, '2020-01-22', '2020-01-22'),
('I007', 'Literaly', 7, '2020-01-22', '2020-01-22'),
('I008', 'Musical', 8, '2020-01-22', '2020-01-22'),
('I009', 'Sosial Service', 9, '2020-01-22', '2020-01-22'),
('I010', 'chenical', 10, '2020-01-22', '2020-01-22'),
('I011', 'Practical', 11, '2020-01-22', '2020-01-22'),
('I012', 'Medical', 12, '2020-01-22', '2020-01-22');

-- --------------------------------------------------------

--
-- Struktur dari tabel `sub_indikator`
--

CREATE TABLE `sub_indikator` (
  `id` int(12) NOT NULL,
  `id_indikator` varchar(255) NOT NULL,
  `nama` varchar(255) NOT NULL,
  `tabel` enum('A','B','C','D','E','F','G','H','I') NOT NULL,
  `jk` enum('L','P') NOT NULL,
  `no_urut` int(12) NOT NULL,
  `created_at` date NOT NULL,
  `updated_at` date NOT NULL
) ENGINE=MyISAM DEFAULT CHARSET=latin1;

--
-- Dumping data untuk tabel `sub_indikator`
--

INSERT INTO `sub_indikator` (`id`, `id_indikator`, `nama`, `tabel`, `jk`, `no_urut`, `created_at`, `updated_at`) VALUES
(24, 'I009', 'Guru Sekolah Dasar', 'A', 'L', 9, '2020-01-22', '2020-01-22'),
(23, 'I008', 'Pianis Konser', 'A', 'L', 8, '2020-01-22', '2020-01-22'),
(22, 'I007', 'Wartawan', 'A', 'L', 7, '2020-01-22', '2020-01-22'),
(21, 'I006', 'Seniman', 'A', 'L', 6, '2020-01-22', '2020-01-22'),
(20, 'I005', 'Manajer Penjualan', 'A', 'L', 5, '2020-01-22', '2020-01-22'),
(19, 'I004', 'Ilmuwan', 'A', 'L', 4, '2020-01-22', '2020-01-22'),
(18, 'I003', 'Akuntan', 'A', 'L', 3, '2020-01-22', '2020-01-22'),
(17, 'I002', 'Insinyur Sipil', 'A', 'L', 2, '2020-01-22', '2020-01-22'),
(16, 'I001', 'Petani', 'A', 'L', 1, '2020-01-22', '2020-01-22'),
(25, 'I010', 'Manajer Bank', 'A', 'L', 10, '2020-01-22', '2020-01-22'),
(26, 'I011', 'Tukang Kayu', 'A', 'L', 11, '2020-01-22', '2020-01-22'),
(27, 'I012', 'Dokter', 'A', 'L', 12, '2020-01-22', '2020-01-22'),
(28, 'I001', 'Ahli Pembuat Alat-Alat', 'B', 'L', 1, '2020-01-22', '2020-01-22'),
(29, 'I002', 'Ahli Statistik', 'B', 'L', 2, '2020-01-22', '2020-01-22'),
(30, 'I003', 'Insinyur Kimia Industri', 'B', 'L', 3, '2020-01-22', '2020-01-22'),
(31, 'I004', 'Penyiar Radio', 'B', 'L', 4, '2020-01-22', '2020-01-22'),
(32, 'I005', 'Aktor Profesional', 'B', 'L', 5, '2020-01-22', '2020-01-22'),
(33, 'I006', 'Pengarang', 'B', 'L', 6, '2020-01-22', '2020-01-22'),
(34, 'I007', 'Dirigen Okestra', 'B', 'L', 7, '2020-01-22', '2020-01-22'),
(35, 'I008', 'Psikolog Pendidikan', 'B', 'L', 8, '2020-01-22', '2020-01-22'),
(36, 'I009', 'Staf Administrasi', 'B', 'L', 9, '2020-01-22', '2020-01-22'),
(37, 'I010', 'Ahli Bangunan', 'B', 'L', 10, '2020-01-22', '2020-01-22'),
(38, 'I011', 'Ahli Bedah', 'B', 'L', 11, '2020-01-22', '2020-01-22'),
(39, 'I012', 'Ahli Kehutanan', 'B', 'L', 12, '2020-01-22', '2020-01-22'),
(40, 'I001', 'Auditor', 'C', 'L', 1, '2020-01-22', '2020-01-22'),
(41, 'I002', 'Ahli Meteorologi', 'C', 'L', 2, '2020-01-22', '2020-01-22'),
(42, 'I003', 'Salesman', 'C', 'L', 3, '2020-01-22', '2020-01-22'),
(43, 'I004', 'Arsitek', 'C', 'L', 4, '2020-01-22', '2020-01-22'),
(44, 'I005', 'Penulis Drama', 'C', 'L', 5, '2020-01-22', '2020-01-22'),
(45, 'I006', 'Komponis', 'C', 'L', 6, '2020-01-22', '2020-01-22'),
(46, 'I007', 'Kepala Sekolah', 'C', 'L', 7, '2020-01-22', '2020-01-22'),
(47, 'I008', 'Pegawai Kotapraja (Pemda)', 'C', 'L', 8, '2020-01-22', '2020-01-22'),
(48, 'I009', 'Ahli Meubel / Furniture', 'C', 'L', 9, '2020-01-22', '2020-01-22'),
(49, 'I010', 'Dokter Hewan', 'C', 'L', 10, '2020-01-22', '2020-01-22'),
(50, 'I011', 'Juru Ukur Tanah', 'C', 'L', 11, '2020-01-22', '2020-01-22'),
(51, 'I012', 'Tukang Bubut', 'C', 'L', 12, '2020-01-22', '2020-01-22'),
(52, 'I001', 'Ahli Biologi', 'D', 'L', 1, '2020-01-22', '2020-01-22'),
(53, 'I002', 'Agen biro Periklanan', 'D', 'L', 2, '2020-01-22', '2020-01-22'),
(54, 'I003', 'Dekorasi Interior', 'D', 'L', 3, '2020-01-22', '2020-01-22'),
(55, 'I004', 'Ahli Sejarah', 'D', 'L', 4, '2020-01-22', '2020-01-22'),
(56, 'I005', 'Kritikus Musik', 'D', 'L', 5, '2020-01-22', '2020-01-22'),
(57, 'I006', 'Pekerja Sosial', 'D', 'L', 6, '2020-01-22', '2020-01-22'),
(58, 'I007', 'Pergawai Asuransi', 'D', 'L', 7, '2020-01-22', '2020-01-22'),
(59, 'I008', 'Tukang Cat', 'D', 'L', 8, '2020-01-22', '2020-01-22'),
(60, 'I009', 'Apoteker', 'D', 'L', 9, '2020-01-22', '2020-01-22'),
(61, 'I010', 'Penjelajah', 'D', 'L', 10, '2020-01-22', '2020-01-22'),
(62, 'I011', 'Tukang Listrik', 'D', 'L', 11, '2020-01-22', '2020-01-22'),
(63, 'I012', 'Penilai Pajak Pendapatan', 'D', 'L', 12, '2020-01-22', '2020-01-22'),
(64, 'I001', 'Petugas Wawancara', 'E', 'L', 1, '2020-01-22', '2020-01-22'),
(65, 'I002', 'Perancangan Perhiasan', 'E', 'L', 2, '2020-01-22', '2020-01-22'),
(66, 'I003', 'Ahli Perpustakaan', 'E', 'L', 3, '2020-01-22', '2020-01-22'),
(67, 'I004', 'Guru Musik', 'E', 'L', 4, '2020-01-22', '2020-01-22'),
(68, 'I005', 'Pembina Rohani', 'E', 'L', 5, '2020-01-22', '2020-01-22'),
(69, 'I006', 'Petugas Arsip', 'E', 'L', 6, '2020-01-22', '2020-01-22'),
(70, 'I007', 'Tukang Batu', 'E', 'L', 7, '2020-01-22', '2020-01-22'),
(71, 'I008', 'Doker Gigi', 'E', 'L', 8, '2020-01-22', '2020-01-22'),
(72, 'I009', 'Prospektor', 'E', 'L', 9, '2020-01-22', '2020-01-22'),
(73, 'I010', 'Montir', 'E', 'L', 10, '2020-01-22', '2020-01-22'),
(74, 'I011', 'Guru Ilmu Pasti', 'E', 'L', 11, '2020-01-22', '2020-01-22'),
(75, 'I012', 'Ahli Pertanian', 'E', 'L', 12, '2020-01-22', '2020-01-22'),
(76, 'I001', 'Pemotret', 'F', 'L', 1, '2020-01-22', '2020-01-22'),
(77, 'I002', 'Penulis Majalah', 'F', 'L', 2, '2020-01-22', '2020-01-22'),
(78, 'I003', 'Pemain Orgel (logan)', 'F', 'L', 3, '2020-01-22', '2020-01-22'),
(79, 'I004', 'Organisator Pramuka', 'F', 'L', 4, '2020-01-22', '2020-01-22'),
(80, 'I005', 'Petugas Pengiriman Barang', 'F', 'L', 5, '2020-01-22', '2020-01-22'),
(81, 'I006', 'Petugas Mesin Perkayuan', 'F', 'L', 6, '2020-01-22', '2020-01-22'),
(82, 'I007', 'Ahli Kacamata', 'F', 'L', 7, '2020-01-22', '2020-01-22'),
(83, 'I008', 'Ahli Sortir Kulit', 'F', 'L', 8, '2020-01-22', '2020-01-22'),
(84, 'I009', 'Instalator', 'F', 'L', 9, '2020-01-22', '2020-01-22'),
(85, 'I010', 'Pembantu Kasir Bank', 'F', 'L', 10, '2020-01-22', '2020-01-22'),
(86, 'I011', 'Ahli Botani', 'F', 'L', 11, '2020-01-22', '2020-01-22'),
(87, 'I012', 'Pedagang Keliling', 'F', 'L', 12, '2020-01-22', '2020-01-22'),
(88, 'I001', 'Kritikus Buku', 'G', 'L', 1, '2020-01-22', '2020-01-22'),
(89, 'I002', 'Ahli Pustaka Musik', 'G', 'L', 2, '2020-01-22', '2020-01-22'),
(90, 'I003', 'Pejabat Klub Remaja', 'G', 'L', 3, '2020-01-22', '2020-01-22'),
(91, 'I004', 'Pegawai Kantor', 'G', 'L', 4, '2020-01-22', '2020-01-22'),
(92, 'I005', 'Tukang Plester Tembok', 'G', 'L', 5, '2020-01-22', '2020-01-22'),
(93, 'I006', 'Ahli Rontgent', 'G', 'L', 6, '2020-01-22', '2020-01-22'),
(94, 'I007', 'Nelayan', 'G', 'L', 7, '2020-01-22', '2020-01-22'),
(95, 'I008', 'Pembuast Arloji', 'G', 'L', 8, '2020-01-22', '2020-01-22'),
(96, 'I009', 'Kasir', 'G', 'L', 9, '2020-01-22', '2020-01-22'),
(97, 'I010', 'Ahli Astronomi', 'G', 'L', 10, '2020-01-22', '2020-01-22'),
(98, 'I011', 'Juru Lelang', 'G', 'L', 11, '2020-01-22', '2020-01-22'),
(99, 'I012', 'Penata Panggung', 'G', 'L', 12, '2020-01-22', '2020-01-22'),
(100, 'I001', 'Pemimpin Band', 'H', 'L', 1, '2020-01-22', '2020-01-22'),
(101, 'I002', 'Ahli Penyuluh Jabatan', 'H', 'L', 2, '2020-01-22', '2020-01-22'),
(102, 'I003', 'Pegawai Pos', 'H', 'L', 3, '2020-01-22', '2020-01-22'),
(103, 'I004', 'Tukang Ledeng', 'H', 'L', 4, '2020-01-22', '2020-01-22'),
(104, 'I005', 'Ahli Fisioterapi', 'H', 'L', 5, '2020-01-22', '2020-01-22'),
(105, 'I006', 'Sopir Angkutan', 'H', 'L', 6, '2020-01-22', '2020-01-22'),
(106, 'I007', 'Montir Radio', 'H', 'L', 7, '2020-01-22', '2020-01-22'),
(107, 'I008', 'Juru Bayar', 'H', 'L', 8, '2020-01-22', '2020-01-22'),
(108, 'I009', 'Ahli Geologi', 'H', 'L', 9, '2020-01-22', '2020-01-22'),
(109, 'I010', 'Petugas Hubungan Masyarakat', 'H', 'L', 10, '2020-01-22', '2020-01-22'),
(110, 'I011', 'Penata Etalase', 'H', 'L', 11, '2020-01-22', '2020-01-22'),
(111, 'I012', 'Penulis Sandiwara Radio', 'H', 'L', 12, '2020-01-22', '2020-01-22'),
(112, 'I001', 'Petugas Kesejahteraan Sosial', 'I', 'L', 1, '2020-01-22', '2020-01-22'),
(113, 'I002', 'Petugas Ekspedisi Surat', 'I', 'L', 2, '2020-01-22', '2020-01-22'),
(114, 'I003', 'Tukang Sepatu', 'I', 'L', 3, '2020-01-22', '2020-01-22'),
(115, 'I004', 'Paramedik / Mantri Kesehatan', 'I', 'L', 4, '2020-01-22', '2020-01-22'),
(116, 'I005', 'Petani Tanaman Hias', 'I', 'L', 5, '2020-01-22', '2020-01-22'),
(117, 'I006', 'Tukang Las', 'I', 'L', 6, '2020-01-22', '2020-01-22'),
(118, 'I007', 'Petugas Pajak', 'I', 'L', 7, '2020-01-22', '2020-01-22'),
(119, 'I008', 'Asisten Laboratorium', 'I', 'L', 8, '2020-01-22', '2020-01-22'),
(120, 'I009', 'Salesman Asuransi', 'I', 'L', 9, '2020-01-22', '2020-01-22'),
(121, 'I010', 'Perancang Motif Tekstil', 'I', 'L', 10, '2020-01-22', '2020-01-22'),
(122, 'I011', 'Penyair', 'I', 'L', 11, '2020-01-22', '2020-01-22'),
(123, 'I012', 'Peramuniaga Toko Musik', 'I', 'L', 12, '2020-01-22', '2020-01-22'),
(124, 'I001', 'Pekerjaan Pertanian', 'A', 'P', 1, '2020-01-22', '2020-01-22'),
(125, 'I002', 'Pengemudi Kendaraan Militer', 'A', 'P', 2, '2020-01-22', '2020-01-22'),
(126, 'I003', 'Akuntan', 'A', 'P', 3, '2020-01-22', '2020-01-22'),
(127, 'I004', 'Ilmuwan', 'A', 'P', 4, '2020-01-22', '2020-01-22'),
(128, 'I005', 'Penjual Hasil-hasil Mode', 'A', 'P', 5, '2020-01-22', '2020-01-22'),
(129, 'I006', 'Seniwati', 'A', 'P', 6, '2020-01-22', '2020-01-22'),
(130, 'I007', 'Wartawati', 'A', 'P', 7, '2020-01-22', '2020-01-22'),
(131, 'I008', 'Pianis Konser', 'A', 'P', 8, '2020-01-22', '2020-01-22'),
(132, 'I009', 'Guru Sekolah Dasar', 'A', 'P', 9, '2020-01-22', '2020-01-22'),
(133, 'I010', 'Sekertaris Pribadi', 'A', 'P', 10, '2020-01-22', '2020-01-22'),
(134, 'I011', 'Perancang Busana', 'A', 'P', 11, '2020-01-22', '2020-01-22'),
(135, 'I012', 'Dokter', 'A', 'P', 12, '2020-01-22', '2020-01-22'),
(136, 'I001', 'Petugas Perakitan Alat', 'B', 'P', 1, '2020-01-22', '2020-01-22'),
(137, 'I002', 'Pengawal Urusan Gaji', 'B', 'P', 2, '2020-01-22', '2020-01-22'),
(138, 'I003', 'Insinyur Kimia Industri', 'B', 'P', 3, '2020-01-22', '2020-01-22'),
(139, 'I004', 'Penyiar Radio', 'B', 'P', 4, '2020-01-22', '2020-01-22'),
(140, 'I005', 'Artis Profesional', 'B', 'P', 5, '2020-01-22', '2020-01-22'),
(141, 'I006', 'Pengarang', 'B', 'P', 6, '2020-01-22', '2020-01-22'),
(142, 'I007', 'Pemain Musik Orkestra', 'B', 'P', 7, '2020-01-22', '2020-01-22'),
(143, 'I008', 'Psikolog Pendidikan', 'B', 'P', 8, '2020-01-22', '2020-01-22'),
(144, 'I009', 'Juru Tik', 'B', 'P', 9, '2020-01-22', '2020-01-22'),
(145, 'I010', 'Pembuat Pot Keramik', 'B', 'P', 10, '2020-01-22', '2020-01-22'),
(146, 'I011', 'Ahli Bedah', 'B', 'P', 11, '2020-01-22', '2020-01-22'),
(147, 'I012', 'Guru Pendidikan Olahraga', 'B', 'P', 12, '2020-01-22', '2020-01-22'),
(148, 'I001', 'Auditor', 'C', 'P', 1, '2020-01-22', '2020-01-22'),
(149, 'I002', 'Ahli Meteorologi', 'C', 'P', 2, '2020-01-22', '2020-01-22'),
(150, 'I003', 'Salesgirl', 'C', 'P', 3, '2020-01-22', '2020-01-22'),
(151, 'I004', 'Guru Kesenian', 'C', 'P', 4, '2020-01-22', '2020-01-22'),
(152, 'I005', 'Penulis Drama', 'C', 'P', 5, '2020-01-22', '2020-01-22'),
(153, 'I006', 'Komponis', 'C', 'P', 6, '2020-01-22', '2020-01-22'),
(154, 'I007', 'Kepala Yayasan Sosial', 'C', 'P', 7, '2020-01-22', '2020-01-22'),
(155, 'I008', 'Resepsionis', 'C', 'P', 8, '2020-01-22', '2020-01-22'),
(156, 'I009', 'Penata Rambut', 'C', 'P', 9, '2020-01-22', '2020-01-22'),
(157, 'I010', 'Dokter Hewan', 'C', 'P', 10, '2020-01-22', '2020-01-22'),
(158, 'I011', 'Pramugari', 'C', 'P', 11, '2020-01-22', '2020-01-22'),
(159, 'I012', 'Operator Mesin Rajut', 'C', 'P', 12, '2020-01-22', '2020-01-22'),
(160, 'I001', 'Ahli Biologi', 'D', 'P', 1, '2020-01-22', '2020-01-22'),
(161, 'I002', 'Agen Biro Periklanan', 'D', 'P', 2, '2020-01-22', '2020-01-22'),
(162, 'I003', 'Dekorasi Interior', 'D', 'P', 3, '2020-01-22', '2020-01-22'),
(163, 'I004', 'Ahli Sejarah', 'D', 'P', 4, '2020-01-22', '2020-01-22'),
(164, 'I005', 'Kritikus Musik', 'D', 'P', 5, '2020-01-22', '2020-01-22'),
(165, 'I006', 'Pekerja Sosial', 'D', 'P', 6, '2020-01-22', '2020-01-22'),
(166, 'I007', 'Penulis Steno', 'D', 'P', 7, '2020-01-22', '2020-01-22'),
(167, 'I008', 'Penjilid Buku', 'D', 'P', 8, '2020-01-22', '2020-01-22'),
(168, 'I009', 'Apoteker', 'D', 'P', 9, '2020-01-22', '2020-01-22'),
(169, 'I010', 'Ahli Pertamanan', 'D', 'P', 10, '2020-01-22', '2020-01-22'),
(170, 'I011', 'Petugas Pompa Bensin', 'D', 'P', 11, '2020-01-22', '2020-01-22'),
(171, 'I012', 'Petugas Mesin Hitung / Kasir', 'D', 'P', 12, '2020-01-22', '2020-01-22'),
(172, 'I001', 'Petugas Wawancara', 'E', 'P', 1, '2020-01-22', '2020-01-22'),
(173, 'I002', 'PErancang Perhiasan', 'E', 'P', 2, '2020-01-22', '2020-01-22'),
(174, 'I003', 'Ahli Perpustakaan', 'E', 'P', 3, '2020-01-22', '2020-01-22'),
(175, 'I004', 'Guru Musik', 'E', 'P', 4, '2020-01-22', '2020-01-22'),
(176, 'I005', 'Penyebar Agama', 'E', 'P', 5, '2020-01-22', '2020-01-22'),
(177, 'I006', 'Petugas Arsip', 'E', 'P', 6, '2020-01-22', '2020-01-22'),
(178, 'I007', 'Tukang Bungkus Coklat', 'E', 'P', 7, '2020-01-22', '2020-01-22'),
(179, 'I008', 'Pelatih Rehabilitasi Pasien', 'E', 'P', 8, '2020-01-22', '2020-01-22'),
(180, 'I009', 'Pembina Keolahragaan', 'E', 'P', 9, '2020-01-22', '2020-01-22'),
(181, 'I010', 'Ahli Reparasi Jam', 'E', 'P', 10, '2020-01-22', '2020-01-22'),
(182, 'I011', 'Guru Ilmu Pasti', 'E', 'P', 11, '2020-01-22', '2020-01-22'),
(183, 'I012', 'Ahli Pertanian', 'E', 'P', 12, '2020-01-22', '2020-01-22'),
(184, 'I001', 'Pemotret', 'F', 'P', 1, '2020-01-22', '2020-01-22'),
(185, 'I002', 'Penulis Majalah', 'F', 'P', 2, '2020-01-22', '2020-01-22'),
(186, 'I003', 'Pemain Orgel (Organ)', 'F', 'P', 3, '2020-01-22', '2020-01-22'),
(187, 'I004', 'Petugas Palang Merah', 'F', 'P', 4, '2020-01-22', '2020-01-22'),
(188, 'I005', 'Pegawai Bank', 'F', 'P', 5, '2020-01-22', '2020-01-22'),
(189, 'I006', 'Pengurus Kerumah Tanggaan', 'F', 'P', 6, '2020-01-22', '2020-01-22'),
(190, 'I007', 'Perawat', 'F', 'P', 7, '2020-01-22', '2020-01-22'),
(191, 'I008', 'Peternak', 'F', 'P', 8, '2020-01-22', '2020-01-22'),
(192, 'I009', 'Ahli Gosok Lensa', 'F', 'P', 9, '2020-01-22', '2020-01-22'),
(193, 'I010', 'Kasir', 'F', 'P', 10, '2020-01-22', '2020-01-22'),
(194, 'I011', 'Ahli Botani', 'F', 'P', 11, '2020-01-22', '2020-01-22'),
(195, 'I012', 'Pedagang Keliling', 'F', 'P', 12, '2020-01-22', '2020-01-22'),
(196, 'I001', 'Kritikus Buku', 'G', 'P', 1, '2020-01-22', '2020-01-22'),
(197, 'I002', 'Ahli Pustaka Musik', 'G', 'P', 2, '2020-01-22', '2020-01-22'),
(198, 'I003', 'Pejabat Klub Remaja', 'G', 'P', 3, '2020-01-22', '2020-01-22'),
(199, 'I004', 'Pegawai Kanto', 'G', 'P', 4, '2020-01-22', '2020-01-22'),
(200, 'I005', 'Tukang Binatu', 'G', 'P', 5, '2020-01-22', '2020-01-22'),
(201, 'I006', 'Ahli Rontgent', 'G', 'P', 6, '2020-01-22', '2020-01-22'),
(202, 'I007', 'Petani Bunga', 'G', 'P', 7, '2020-01-22', '2020-01-22'),
(203, 'I008', 'Operator Mesin Sulam', 'G', 'P', 8, '2020-01-22', '2020-01-22'),
(204, 'I009', 'Ahli Tatabuku', 'G', 'P', 9, '2020-01-22', '2020-01-22'),
(205, 'I010', 'Ahli Astronomi', 'G', 'P', 10, '2020-01-22', '2020-01-22'),
(206, 'I011', 'Peraga Alat Kosmetik', 'G', 'P', 11, '2020-01-22', '2020-01-22'),
(207, 'I012', 'Penata Panggung', 'G', 'P', 12, '2020-01-22', '2020-01-22'),
(208, 'I001', 'Pemain Musik Band', 'H', 'P', 1, '2020-01-22', '2020-01-22'),
(209, 'I002', 'Ahli Penyuluh Jabatan', 'H', 'P', 2, '2020-01-22', '2020-01-22'),
(210, 'I003', 'Pegawai Kantor Pos', 'H', 'P', 3, '2020-01-22', '2020-01-22'),
(211, 'I004', 'Penjahit', 'H', 'P', 4, '2020-01-22', '2020-01-22'),
(212, 'I005', 'Ahli Fisioterapi', 'H', 'P', 5, '2020-01-22', '2020-01-22'),
(213, 'I006', 'Peternak Ayam', 'H', 'P', 6, '2020-01-22', '2020-01-22'),
(214, 'I007', 'Ahli Reparasi Permata', 'H', 'P', 7, '2020-01-22', '2020-01-22'),
(215, 'I008', 'Juru Bayar', 'H', 'P', 8, '2020-01-22', '2020-01-22'),
(216, 'I009', 'Ahli Geologi', 'H', 'P', 9, '2020-01-22', '2020-01-22'),
(217, 'I010', 'Petugas Hubungan Masyarakat', 'H', 'P', 10, '2020-01-22', '2020-01-22'),
(218, 'I011', 'Penata Etalase', 'H', 'P', 11, '2020-01-22', '2020-01-22'),
(219, 'I012', 'Penulis Sandiwara Radio', 'H', 'P', 12, '2020-01-22', '2020-01-22'),
(220, 'I001', 'Petugas Kesejahteraan Sosial', 'I', 'P', 1, '2020-01-22', '2020-01-22'),
(221, 'I002', 'Penyusun Arsip', 'I', 'P', 2, '2020-01-22', '2020-01-22'),
(222, 'I003', 'Juru Masak', 'I', 'P', 3, '2020-01-22', '2020-01-22'),
(223, 'I004', 'Perawat Orang-Orang Tua', 'I', 'P', 4, '2020-01-22', '2020-01-22'),
(224, 'I005', 'Tukang Kebun', 'I', 'P', 5, '2020-01-22', '2020-01-22'),
(225, 'I006', 'Operator Mesin Kaus-Kaki', 'I', 'P', 6, '2020-01-22', '2020-01-22'),
(226, 'I007', 'Pegawai Pajak', 'I', 'P', 7, '2020-01-22', '2020-01-22'),
(227, 'I008', 'Asisten Laboratorium', 'I', 'P', 8, '2020-01-22', '2020-01-22'),
(228, 'I009', 'Peraga Barang-Barang / Bahan', 'I', 'P', 9, '2020-01-22', '2020-01-22'),
(229, 'I010', 'Perancang Motif Tekstil', 'I', 'P', 10, '2020-01-22', '2020-01-22'),
(230, 'I011', 'Penyair', 'I', 'P', 11, '2020-01-22', '2020-01-22'),
(231, 'I012', 'Peramuniaga Toko Musik', 'I', 'P', 12, '2020-01-22', '2020-01-22');

-- --------------------------------------------------------

--
-- Struktur dari tabel `user`
--

CREATE TABLE `user` (
  `id` varchar(36) NOT NULL,
  `nama` varchar(255) NOT NULL,
  `email` text,
  `nohp` varchar(15) NOT NULL,
  `username` varchar(255) NOT NULL DEFAULT 'userdefault',
  `password` varchar(255) NOT NULL DEFAULT 'userdefault',
  `status` enum('AKTIF','TIDAK AKTIF') NOT NULL,
  `created_at` date NOT NULL,
  `updated_at` date NOT NULL
) ENGINE=MyISAM DEFAULT CHARSET=latin1;

--
-- Dumping data untuk tabel `user`
--

INSERT INTO `user` (`id`, `nama`, `email`, `nohp`, `username`, `password`, `status`, `created_at`, `updated_at`) VALUES
('a215503b-39a9-11ea-9ff9-e03f4931b17e', 'Trian', 'aisyah_ajjh94@yahoo.co.id', '', '17.12.0095', '$2a$08$K0ZkNK/OFGL2a6oRCV8QrucmD.LMhTOWPLnA1s..N96KH8pEcmeS.', 'AKTIF', '2020-01-18', '2020-01-20'),
('5f61843a-3b8a-11ea-9b3d-e03f4931b17e', 'Data', 'data@gmail.com', '', 'data', '$2a$08$QazXFlbegzi9HLtndlVOCeATdftuYMnopkASNYU.kxNYnMZ8MpOYa', 'AKTIF', '2020-01-20', '2020-01-23'),
('c19e12f3-3dac-11ea-bbfd-e03f4931b17e', 'Bella', 'megabella54@gmail.com', '', 'bellamega', '$2a$08$Y2USyM71Q1w7pTO6wVFnVe.uBZjhwUBxCLAeXI8gzkLW./55F18pO', 'AKTIF', '2020-01-23', '2020-01-23');

--
-- Indexes for dumped tables
--

--
-- Indeks untuk tabel `admin`
--
ALTER TABLE `admin`
  ADD PRIMARY KEY (`id`);

--
-- Indeks untuk tabel `detail_analisa`
--
ALTER TABLE `detail_analisa`
  ADD PRIMARY KEY (`id`);

--
-- Indeks untuk tabel `hasil_analisa`
--
ALTER TABLE `hasil_analisa`
  ADD PRIMARY KEY (`id`);

--
-- Indeks untuk tabel `indikator`
--
ALTER TABLE `indikator`
  ADD PRIMARY KEY (`id`);

--
-- Indeks untuk tabel `sub_indikator`
--
ALTER TABLE `sub_indikator`
  ADD PRIMARY KEY (`id`);

--
-- Indeks untuk tabel `user`
--
ALTER TABLE `user`
  ADD PRIMARY KEY (`id`);

--
-- AUTO_INCREMENT untuk tabel yang dibuang
--

--
-- AUTO_INCREMENT untuk tabel `detail_analisa`
--
ALTER TABLE `detail_analisa`
  MODIFY `id` int(11) NOT NULL AUTO_INCREMENT, AUTO_INCREMENT=783;

--
-- AUTO_INCREMENT untuk tabel `sub_indikator`
--
ALTER TABLE `sub_indikator`
  MODIFY `id` int(12) NOT NULL AUTO_INCREMENT, AUTO_INCREMENT=232;
COMMIT;

/*!40101 SET CHARACTER_SET_CLIENT=@OLD_CHARACTER_SET_CLIENT */;
/*!40101 SET CHARACTER_SET_RESULTS=@OLD_CHARACTER_SET_RESULTS */;
/*!40101 SET COLLATION_CONNECTION=@OLD_COLLATION_CONNECTION */;
